#group,false,false,true,true,false,true,true,false,false,false,false,false,false,false,false,false,false,false,false,false,false,false,false,false,false,false
#datatype,string,long,dateTime:RFC3339,dateTime:RFC3339,dateTime:RFC3339,string,string,double,double,double,double,double,double,double,double,double,double,double,double,double,double,double,double,double,double,double
#default,_result,,,,,,,,,,,,,,,,,,,,,,,,,
,result,table,_start,_stop,_time,_measurement,device_id,Chipset2_Temp,Chipset_Temp,Cpu1_Temp,Cpu2_Temp,FAN1,FAN2,FAN3,FAN4,IO_Outlet_Temp,Inlet_Temp,Outlet_Temp,PSU1_FAN,PSU1_Inlet,PSU1_Total_Power,PSU1_VIN,PSU2_FAN,PSU2_Inlet,PSU2_Total_Power,PSU2_VIN
,,0,2023-04-25T12:20:33.674058896Z,2023-04-25T14:00:33.674058896Z,2023-04-25T13:46:20Z,sdgp,bmc,38.5,37,36,35.5,1709,1704,1683,1690,35.5,33,30.5,4616,27,118,228.5,4560,23,118,228.5
,,0,2023-04-25T12:20:33.674058896Z,2023-04-25T14:00:33.674058896Z,2023-04-25T13:46:53Z,sdgp,bmc,39,37.5,36.5,36,1707,1705,1690,1682,35.5,33.5,31,4616,28,119,229,4528,23,118,228.75
,,0,2023-04-25T12:20:33.674058896Z,2023-04-25T14:00:33.674058896Z,2023-04-25T13:47:32Z,sdgp,bmc,40.5,39,37.5,37,1676,1692,1694,1678,36,34.5,31,4888,29,120,228.75,4528,24,120,228.75
,,0,2023-04-25T12:20:33.674058896Z,2023-04-25T14:00:33.674058896Z,2023-04-25T13:47:54Z,sdgp,bmc,41,39.5,38,37.5,1678,1696,1684,1685,36,35,31.5,5064,29,120,228.5,4528,24,120,228.75
,,0,2023-04-25T12:20:33.674058896Z,2023-04-25T14:00:33.674058896Z,2023-04-25T13:48:17Z,sdgp,bmc,41.5,40,39,38,1706,1698,1687,1680,36.5,35.5,31.5,5064,29,120,228.75,4528,24,120,229
,,0,2023-04-25T12:20:33.674058896Z,2023-04-25T14:00:33.674058896Z,2023-04-25T13:48:40Z,sdgp,bmc,42,40.5,39.5,38.5,1705,1689,1702,1698,36.5,36,32,5096,30,121,228.25,4560,24,121,228.25
,,0,2023-04-25T12:20:33.674058896Z,2023-04-25T14:00:33.674058896Z,2023-04-25T13:49:04Z,sdgp,bmc,42,41,40,38.5,1702,1699,1694,1696,37,36,32.5,5336,30,119,228.5,4528,24,119,228.5
,,0,2023-04-25T12:20:33.674058896Z,2023-04-25T14:00:33.674058896Z,2023-04-25T13:49:26Z,sdgp,bmc,42.5,41.5,40.5,39,1704,1701,1688,1701,37,36.5,32.5,5336,30,120,228.75,4528,24,119,229
,,0,2023-04-25T12:20:33.674058896Z,2023-04-25T14:00:33.674058896Z,2023-04-25T13:50:16Z,sdgp,bmc,43.5,42,41,39.5,1669,1695,1688,1698,37.5,37,33,5368,30,120,228,4528,24,119,228.5
,,0,2023-04-25T12:20:33.674058896Z,2023-04-25T14:00:33.674058896Z,2023-04-25T13:50:39Z,sdgp,bmc,44,42.5,41.5,40,1699,1698,1692,1684,38,37,33.5,5520,31,119,228.5,4528,25,119,228.75
,,0,2023-04-25T12:20:33.674058896Z,2023-04-25T14:00:33.674058896Z,2023-04-25T13:51:02Z,sdgp,bmc,44.5,43,42,40,1673,1704,1695,1694,38,37.5,33.5,5544,31,119,229,4560,25,119,229
,,0,2023-04-25T12:20:33.674058896Z,2023-04-25T14:00:33.674058896Z,2023-04-25T13:51:25Z,sdgp,bmc,44.5,43.5,42,40.5,1704,1696,1692,1691,38.5,37.5,34,5544,31,119,228.75,4560,25,119,228.75
,,0,2023-04-25T12:20:33.674058896Z,2023-04-25T14:00:33.674058896Z,2023-04-25T13:51:48Z,sdgp,bmc,45,44,42.5,40.5,1700,1695,1696,1682,38.5,37.5,34,5520,31,120,229,4528,25,119,229.25
,,0,2023-04-25T12:20:33.674058896Z,2023-04-25T14:00:33.674058896Z,2023-04-25T13:52:10Z,sdgp,bmc,45.5,44,43,41,1699,1690,1690,1679,39,38,34.5,5544,31,120,228.5,4584,25,120,228.75
,,0,2023-04-25T12:20:33.674058896Z,2023-04-25T14:00:33.674058896Z,2023-04-25T13:52:33Z,sdgp,bmc,45.5,44.5,43,41,1708,1697,1699,1691,39,38,35,5784,31,119,228.5,4616,25,120,228.75
,,0,2023-04-25T12:20:33.674058896Z,2023-04-25T14:00:33.674058896Z,2023-04-25T13:52:56Z,sdgp,bmc,46,44.5,43.5,41,1703,1686,1683,1694,39.5,38,35,5784,31,121,228.75,4616,25,120,229
,,0,2023-04-25T12:20:33.674058896Z,2023-04-25T14:00:33.674058896Z,2023-04-25T13:53:19Z,sdgp,bmc,46.5,45,43.5,41.5,1679,1688,1690,1695,39.5,38,35,5816,31,120,228.75,4648,25,120,228.75
,,0,2023-04-25T12:20:33.674058896Z,2023-04-25T14:00:33.674058896Z,2023-04-25T13:53:41Z,sdgp,bmc,46.5,45,44,41.5,1672,1693,1698,1692,39.5,38,35.5,5816,31,120,228.5,4616,25,119,228.75
,,0,2023-04-25T12:20:33.674058896Z,2023-04-25T14:00:33.674058896Z,2023-04-25T13:54:04Z,sdgp,bmc,47,45.5,44,41.5,1671,1688,1697,1685,40,38.5,35.5,5784,32,120,228.5,4616,25,120,228.75
,,0,2023-04-25T12:20:33.674058896Z,2023-04-25T14:00:33.674058896Z,2023-04-25T13:54:27Z,sdgp,bmc,47,45.5,44,42,1672,1699,1697,1689,40,38.5,35.5,5816,32,121,228.75,4648,25,120,228.5
,,0,2023-04-25T12:20:33.674058896Z,2023-04-25T14:00:33.674058896Z,2023-04-25T13:54:50Z,sdgp,bmc,47.5,45.5,44.5,42,1702,1702,1710,1680,40,38.5,36,5816,32,120,228,4616,25,121,228.75
,,0,2023-04-25T12:20:33.674058896Z,2023-04-25T14:00:33.674058896Z,2023-04-25T13:55:12Z,sdgp,bmc,47.5,46,44.5,42,1708,1687,1695,1680,40.5,38.5,36,6056,32,120,228.75,4616,25,121,228.75
,,0,2023-04-25T12:20:33.674058896Z,2023-04-25T14:00:33.674058896Z,2023-04-25T13:55:35Z,sdgp,bmc,48,46,44.5,42,1701,1701,1694,1691,40.5,38.5,36,6088,32,121,228.75,4856,25,121,229
,,0,2023-04-25T12:20:33.674058896Z,2023-04-25T14:00:33.674058896Z,2023-04-25T13:56:24Z,sdgp,bmc,48,46.5,45,42.5,1702,1708,1697,1696,41,38.5,36.5,6088,32,120,228.25,4888,25,120,228.25
,,0,2023-04-25T12:20:33.674058896Z,2023-04-25T14:00:33.674058896Z,2023-04-25T13:56:48Z,sdgp,bmc,48.5,46.5,45,42.5,1702,1684,1702,1687,41,39,36.5,6088,32,120,228.5,4920,25,120,228.25
,,0,2023-04-25T12:20:33.674058896Z,2023-04-25T14:00:33.674058896Z,2023-04-25T13:57:11Z,sdgp,bmc,48.5,46.5,45.5,42.5,1674,1684,1698,1698,41.5,39,37,6088,32,120,228.5,4920,25,120,228.75
,,0,2023-04-25T12:20:33.674058896Z,2023-04-25T14:00:33.674058896Z,2023-04-25T13:57:34Z,sdgp,bmc,49,46.5,45.5,42.5,1676,1695,1700,1685,41.5,39,37,6088,32,120,228.5,4920,25,120,229
,,0,2023-04-25T12:20:33.674058896Z,2023-04-25T14:00:33.674058896Z,2023-04-25T13:57:56Z,sdgp,bmc,49,47,45.5,42.5,1700,1694,1693,1685,41.5,39,37,6088,32,121,228.5,4888,25,121,228.75
,,0,2023-04-25T12:20:33.674058896Z,2023-04-25T14:00:33.674058896Z,2023-04-25T13:58:19Z,sdgp,bmc,49,47,45.5,43,1702,1692,1695,1683,42,39,37.5,6024,32,121,229.25,4920,25,120,229.25
,,0,2023-04-25T12:20:33.674058896Z,2023-04-25T14:00:33.674058896Z,2023-04-25T13:58:55Z,sdgp,bmc,49.5,47,45.5,43,1672,1700,1688,1697,42,39,37.5,6264,32,120,228.75,4888,25,120,229
,,0,2023-04-25T12:20:33.674058896Z,2023-04-25T14:00:33.674058896Z,2023-04-25T13:59:31Z,sdgp,bmc,49.5,47.5,46,43,1702,1687,1699,1682,42,39,37.5,6264,32,120,228.75,4888,25,120,229
,,0,2023-04-25T12:20:33.674058896Z,2023-04-25T14:00:33.674058896Z,2023-04-25T13:59:54Z,sdgp,bmc,49.5,47.5,46,43,1673,1704,1702,1699,42.5,39,37.5,6240,32,121,229.25,4920,25,120,229

#group,false,false,true,true,false,true,true,false,false,false,false,false,false,false,false,false,false,false,false,false,false,false,false,false,false,false,false,false,false,false,false,false,false,false,false,false,false,false,false,false,false,false,false,false,false,false,false,false,false,false,false,false,false,false,false,false,false,false,false,false,false,false,false,false,false,false,false,false,false,false,false,false,false,false,false,false,false,false,false,false,false,false,false,false,false,false,false,false,false,false,false,false,false,false,false,false,false,false,false,false,false,false,false,false,false,false,false,false,false,false,false,false,false,false,false,false,false,false,false,false,false,false,false,false,false,false,false,false,false,false,false,false,false,false,false,false,false,false,false,false,false,false,false,false,false,false,false,false,false
#datatype,string,long,dateTime:RFC3339,dateTime:RFC3339,dateTime:RFC3339,string,string,double,double,double,double,double,double,double,double,double,double,double,double,double,double,double,double,double,double,double,double,double,double,double,double,double,double,double,double,double,double,double,double,double,double,double,double,double,double,double,double,double,double,double,double,double,double,double,double,double,double,double,double,double,double,double,double,double,double,double,double,double,double,double,double,double,double,double,double,double,double,double,double,double,double,double,double,double,double,double,double,double,double,double,double,double,double,double,double,double,double,double,double,double,double,double,double,double,double,double,double,double,double,double,double,double,double,double,double,double,double,double,double,double,double,double,double,double,double,double,double,double,double,double,double,double,double,double,double,double,double,double,double,double,double,double,double,double,double,double,double,double,double
#default,_result,,,,,,,,,,,,,,,,,,,,,,,,,,,,,,,,,,,,,,,,,,,,,,,,,,,,,,,,,,,,,,,,,,,,,,,,,,,,,,,,,,,,,,,,,,,,,,,,,,,,,,,,,,,,,,,,,,,,,,,,,,,,,,,,,,,,,,,,,,,,,,,,,,,,
,result,table,_start,_stop,_time,_measurement,device_id,branch_misses,cache_misses,cache_references,core0,core1,core10,core100,core101,core102,core103,core104,core105,core106,core107,core108,core109,core11,core110,core111,core112,core113,core114,core115,core116,core117,core118,core119,core12,core120,core121,core122,core123,core124,core125,core126,core127,core13,core14,core15,core16,core17,core18,core19,core2,core20,core21,core22,core23,core24,core25,core26,core27,core28,core29,core3,core30,core31,core32,core33,core34,core35,core36,core37,core38,core39,core4,core40,core41,core42,core43,core44,core45,core46,core47,core48,core49,core5,core50,core51,core52,core53,core54,core55,core56,core57,core58,core59,core6,core60,core61,core62,core63,core64,core65,core66,core67,core68,core69,core7,core70,core71,core72,core73,core74,core75,core76,core77,core78,core79,core8,core80,core81,core82,core83,core84,core85,core86,core87,core88,core89,core9,core90,core91,core92,core93,core94,core95,core96,core97,core98,core99,cpu_cycles,cpu_migrations,cpu_usage,ctx_switches,cycles,instructions,load_1,load_15,load_5,mem_usage,page_faults
,,1,2023-04-25T12:20:33.674058896Z,2023-04-25T14:00:33.674058896Z,2023-04-25T13:46:06Z,sdgp,host,9420050,5232323,1660916000,0,0,0.99,0,0,0,0,29.7,0,0,0,0,0,0,0,0.99,0,0,0,0,0,0,0,0,0,0,0,0,0,0,0,0,0,0,0,0,0,0,0,0,0,0,0,0,0,0,0,0,0,0,0,0,0,0,0,0,0,0,0,0,0,0,0,0,0,0,0,0,0,0,0,0,0,0,0,0,0,0,0,0,0,0,0,0,0,0,0,0,0,0,0,0,0,0,0,0,0,0,0,0,0,0,0,0,0,0,0,0,0,0,0,0,0,0,0,0,0,0,0,0,0,0,0,0,34.34,0,0,0,2173314481,0,1.1,518,2167178351,3981308562,0.99,0.46,0.59,3.71,4
,,1,2023-04-25T12:20:33.674058896Z,2023-04-25T14:00:33.674058896Z,2023-04-25T13:46:11Z,sdgp,host,2079451,4147822,308110604,0,0,0,0,0,0,0,0,0,0,0,0,0,0,0,0,0,0,0,0,0,0,0,0,0,0,0,0,0,0,0,0,0,0,0,0,0,0,0,0,0,0,0.99,0,0,0,0,0,0,0,0,0,0,0.99,0,0.99,0,0,0,0,0,0,0,0,0,0,0,0,0,0,0,0,0,0,0,0,0,0,0,0,0,0,0,0,0,0.99,0,0,0,100,0,0,0,0,0,0.99,0,0,0,0,0,0,0,0,0,0,0,0,0,0,0,0,0,0,0,0,0,0,0,0,0,0,0,0,0,0,0,0,654179464,9,1.1,977,660441332,704836480,0.99,0.46,0.6,3.72,3722
,,1,2023-04-25T12:20:33.674058896Z,2023-04-25T14:00:33.674058896Z,2023-04-25T13:46:17Z,sdgp,host,14400491,17981822,2002888052,0,0,0.99,0,0,0,0,0,0,0,0,0,0,0,0,0,0,0,0,0,0,0,0,0,0,0,0,0,0,0,0,0,0,0,0,0,0,0,0,0,0,0,0,0,0,0,0,0,0,0,0,0,0,0,0,0,0,0,0,0,0,0,0,0,0,0,0,0,0,0,0,0,0,0,0,0,0,0,0,0,0,0,0,0,0,0,0,0,0,1,2.94,1,1.98,1.96,1.01,0,44,0,0,0,0,0,0,0.99,20,0,0,0,0,0,0,0,0,0,0,0,0,0,0,0,0,0,0,0,0,0,0,0,3546352686,6,1,19057,3542163564,4773654591,0.99,0.46,0.61,3.73,63
,,1,2023-04-25T12:20:33.674058896Z,2023-04-25T14:00:33.674058896Z,2023-04-25T13:46:22Z,sdgp,host,3913437,6889860,597273494,0,0,0,0,0,0,0,0,0,0,0,0,0,0,0,0,0,0,0,0,0,0,0,0,0,0,0,0,0,0,0,0,0,0,0,0,0,0,0,0,0,0,0,0,0,0,0,0,0,0,0,0,0,0,0,0,0,0,0,0,0,0,0,0,0,0,0,0,0,0,0,0,0,0,0,0,0,0,0,0,0,0,0,0,0,0,0,0,0,0,0,100,0,0,0,0,0,0,0,0,0,0,0,0,0,0,0,0,0,0,0,0,0,0,0,0,0,0,0,0,0,0,0,0,0,0,0,0,1033228390,1,1.1,1116,1028551398,1443608911,1.07,0.47,0.64,3.73,809
,,1,2023-04-25T12:20:33.674058896Z,2023-04-25T14:00:33.674058896Z,2023-04-25T13:46:28Z,sdgp,host,9916011,8955899,1590284446,0,0,32.65,0,0,0,0,0,0,0,0,0,0,0,0,0,0,0,0,0,0,0,0,0,2,0,0,0,0,0,0,0,0,6,0,0,0,0,0,0,0,0,0,0,0,0,0,0,0,0,0,0,0,0,0,0,0,0,0,0,0,0,0,0,0,0,0,0,0,0,0,0,0,0,0,0,0,0,0,0,0,0,0,0,0,0,0,0,0,0,1,0,0,0,0,0,3,33.33,0,0,0,0,0,0,0,0,0,0,0,0,0,0,0,0,0,0,0,17,0,0,0,0,0,0,0,0,0,0,2181857422,0,1.1,324,2174830049,3842694942,1.06,0.48,0.64,3.73,43
,,1,2023-04-25T12:20:33.674058896Z,2023-04-25T14:00:33.674058896Z,2023-04-25T13:46:33Z,sdgp,host,4810352,2787274,838902317,0,0,0,0,0,0,0,0,0,0,0,0,0,0,0,0,78,0,0,0,0,0,0,0,0,0,0,0,0,0,0,0,0,0,0,0,0,0,0,0,0,0,0,0,0,0,0,0,0,0,0,0,0,0,0,0,0,0,0,0,0,0,0,0,0,0,0,0,2,0,0,0,0,0,0,0,0,0,0,0,0,0,0,0,0,0,0,0,0,0,0,0,0,0,0,0,0,0,0,0,0,0,0,0,0,0,0,0,0,0,0,0,0,0,0,0,0,0,0,1,0,58.92,0,10.89,0,0,0,0,1158478558,0,0.3,591,1144999733,2019836951,1.06,0.48,0.65,3.73,5
,,1,2023-04-25T12:20:33.674058896Z,2023-04-25T14:00:33.674058896Z,2023-04-25T13:46:38Z,sdgp,host,117177,378156,8516868,0,0,0,0,0,0,0,0,0,0,0,0,0,0,0,0,0,0,0,0,0,0,0,0,0,0,0,0,0,0,0,0,0,0,0,0,0,0,0,0,0,0,0,0,0,0,0,0,0,0,0,0,0,0,0,0,12.87,0,0,6.12,0,0,0,0,0,0,0,0,0,0,0,0,0,0,0,0,0,0,0,0,0,0,0,0,0,0,0,0,0,0,0,0,0,0,0,0,0,0,0,0,0,0,0,0,0,0,0,0,0,0,0,0,0,0,0,0,0,0,0,0,0,0,0,0,0,0,0,0,64441924,0,1.2,302,61982226,19191026,1.05,0.48,0.65,3.75,4
,,1,2023-04-25T12:20:33.674058896Z,2023-04-25T14:00:33.674058896Z,2023-04-25T13:46:44Z,sdgp,host,194225,541873,12021778,0,0,1,0,0,0,0,0,0,0,0,0,0,0,0,0,0,0,0,0,0,0,0,0,0,0,0,0,0,0,0,0,0,0,0,0,0,0,0,0,0,0,0,0,0,0,0,0,0,0,0,0,0,0,0,0,0,0,0,0,0.99,0,0,0,0,0,0,12.12,0,0,0,0,0,0,0,0,0,0,0,0,0,0,0,0,0,0,0,0,0,0,0,0,0,0,0,0,0,0,0,0,0,0,0,0,0,0,0,0,0,0,0,0,0,0,0,0,0,0,0,0,0,0,0,0,0,0,0,0,89185941,0,0.3,463,86913514,28172346,0.97,0.48,0.64,3.75,6
,,1,2023-04-25T12:20:33.674058896Z,2023-04-25T14:00:33.674058896Z,2023-04-25T13:46:49Z,sdgp,host,133066,412635,9239243,0,0,0,0,0,0,0,0,0,0,0,0,0,0,0,0,0,0,0,0,0,0,0,0,0,0,0,0,0,0,0,0,0,0,0,0,0,0,0,0,0,0,0,0,0,0,0,0,0,0,0,0,0,0,0,0,0,0,0,0,0,0,0,0,0,0,0,0,0,0,0,0,0,0,0,0,0,0,0,0,0,0,0,0,0,0,0,0,0,0,0,0,0,0,0,0,0,0,0,0,0,0,0,0,0,0,0,0,0,0,0,0,0,0,0,0,0,0,0,0,0,0,0,0,0,0,0,0,69593259,0,0.5,562,66707588,20764849,0.89,0.48,0.63,3.75,4
,,1,2023-04-25T12:20:33.674058896Z,2023-04-25T14:00:33.674058896Z,2023-04-25T13:46:55Z,sdgp,host,117965,393554,8730140,0,0,0,0,0,0,0,0,0,0,0,0,0,0,0,0,0,0,0,0,0,0,0,0,0,0,0,0,0,0,0,0,0,0,0,0,0,0,0,0,0,0,0,0,0,0,0,0,0,0,0,0,0,0,0,0,0,0,0,0,0,0,0,0,0,0,0,0,0,0,0,0,0,0,0,0,0,0,0,0,0,0,0,0,0,0,0,0,0,0,0,0,0,0,0,0,0,0,0,0,0,0,0,0,0,0,0,0,0,0,0,0,0,0,0,0,0,0,0,0,0,0,0,0,0,0,0,0,65005260,0,0.3,298,62875620,20355547,0.82,0.47,0.62,3.76,4
,,1,2023-04-25T12:20:33.674058896Z,2023-04-25T14:00:33.674058896Z,2023-04-25T13:47:00Z,sdgp,host,201912,475051,11636630,0,0,0,0,0,0,0,0,0,0,0,0,0,0.99,0,0,0,0,0,0,0,0,0,0,0,0,0,0,0,0,0,0,0,0,0,0,0,0,0,0,0,0,0,0,0,0,0,0,0,0,0,0,0,0,0,0,0,0,0,0,0,0,0,0,0,0,0,0,0,0,0,0,0,0,0,0,0,0,0,0,0,0,0,0,0,0,0,0,0,0,0,0,0,0,0,0,0,0,0,0,0,0,0,0,0,0,0,0,0,0,0,0,0,0,0,0,0,0,0,0,0,0,0,0,0,0,0,0,79473750,0,0.3,410,77703829,27135755,0.91,0.48,0.64,3.76,4
,,1,2023-04-25T12:20:33.674058896Z,2023-04-25T14:00:33.674058896Z,2023-04-25T13:47:06Z,sdgp,host,149185,534263,10725064,0,0,0,0,0,0,0,0,0,0,0,0,0,0,0,0,0,0,0,0,0,0,0,0,0,0,0,0,0,0,0,0,0,0,0,0,0,0,0,0,0,0,0,0,0,0,0,0,0,0,0,0,0,0,0,0,0,0,0,0,0,0,0,0,0,0,0,0,0,0,0,0,0,0,0,0,0,0,0,0,0,0,0,0,0,0,0,0,0,0,0,0,0,0,0,0,0,0,0,0,0,0,0,0,0,0,0,0,0,0,0,0,0,0,0,0,0,0,0,0,0,0,0,0,0,0,0,0,79444192,0,0.3,632,77125973,24554879,0.84,0.48,0.63,3.76,4
,,1,2023-04-25T12:20:33.674058896Z,2023-04-25T14:00:33.674058896Z,2023-04-25T13:47:11Z,sdgp,host,139850,519392,15024081,0,0,0,0,0,0,0,0,0,0,0,0,0,0,0,0,0,0,0,0,0,0,0,0,0,0,0,0,0,0,0,0,0,0,0,0,0,0,0,0,0,0,0,0,0,0,0,0,0,0,0,0,0,0,0,0,0,0,0,0,0,0,0,0,0,0,0,0,0,0,0,0,0,0,0,0,0,0,0,0,0,0,0,0,0,0,0,0,0,0,0,0,0,0,0,0,0,0,0,0,0,0,0,0,0,0,0,0,0,0,0,0,0,0,0,0,0,0,0,0,0,0,0,0,0,0,0,0,111123027,0,0.3,326,108935888,39793745,0.77,0.47,0.62,3.76,5
,,1,2023-04-25T12:20:33.674058896Z,2023-04-25T14:00:33.674058896Z,2023-04-25T13:47:17Z,sdgp,host,5269476,12356553,351082336,0,0,0,0,0,0,0,0,0,0,0,0,0,0,0,0,0,0,0,0,0,0,0,0,0,0,0,0,0,0,0,0,0,0,0,0,0,0,0,0,0,0,0,0,0,0,0,0,0,0,0,0,0,0,0,0,0,0,0,0,0,0,0,0,0,0,0,0,0,0,0,0,0,0,0,0,0,0,0,0,0,0,0,0,0,0,0,0,0,0,0,0,0,0,0,0,0,0,0,0,0,0,0,0,0,0,0,0,0,0,0,0,0,0,0,0,0,0,0,0,0,0,0,0,0,0,0,0,1517224682,1,0.3,19043,1514180081,810795737,0.71,0.47,0.61,3.76,126
,,1,2023-04-25T12:20:33.674058896Z,2023-04-25T14:00:33.674058896Z,2023-04-25T13:47:22Z,sdgp,host,132363,490404,14651723,0,0,0,0,0,0,0,0,0,0,0,0,0,0,0,0,0,0,0,0,0,0,0,0,0.99,0,0,0,0,0,0,0,0,0,0,0,0,0,0,0,0,0,0,0,0,0,0,0,0,0,0,0,0,0,0,0,0,0,0,0,0,0,0,0,0,0,0,0,0,0,0,0,0,0,0,0,0,0,0,0,0,0,0,0,0,0,0,0,0,0,0,0,0,0,0,0,0,0,0,0,0.99,0,0,0,0,0,0,0,0,0,0,0,0,0,0,0,0,0,0,0,0,0,0,0,0,0,0,0,110838884,0,0.3,308,108923218,39784807,0.6,0.47,0.59,3.74,4
,,1,2023-04-25T12:20:33.674058896Z,2023-04-25T14:00:33.674058896Z,2023-04-25T13:47:28Z,sdgp,host,114246,383058,8602999,0,0,0,0,0,0,0,0,0,0,0,0,0,0,0,0,0,0,0,0,0,0,0,0,2,0,0,0,0,0,0,0,0,0,0,38.14,0,0,0,0,0,0,0,0,0,0,0,0,0,0,0,0,0,0,0,0,0,0,0,0,0,0,0,0,0,0,0,0,0,0,0,0,0,0,0,0,0,0,0,0,0,0,0,0,0,0,0,0,0,0,0,0,0,0,0,0.99,0,0,0,0,0,0,0,0,0,0,6,0,0,0,0,0,0,0,0,0,0,19.42,0,0,0,0,0,0,0,0,0,0,63315729,0,0.3,312,60915722,19393766,0.55,0.46,0.58,3.75,6
,,1,2023-04-25T12:20:33.674058896Z,2023-04-25T14:00:33.674058896Z,2023-04-25T13:47:33Z,sdgp,host,139398,474919,9697602,0,0,0,0,0,0,0,0,0,0,0,0,0,0,0,0,0,0,0,0,0,0,0,0,0.99,0,0,0,0,0,0,0,0,0,0,0,0,0,0,0,0,0,0,0,0,0,0,0,0,0,0,0,0,0,0,0,0,0,0,0,0,0,0,0,0,0,0,0,2,0,0,0,0,0,0,0,0,0,0,0,0,0,0,0,0,0,0,0,0,0,0,0,0,0,0,0,0,0,0.99,0,0.99,0,0,0,0,0,0,0,0,0,0,0,0,0,0,0,0,0,0,0,0,0,0,0,0,0,0,0,72738920,0,0.3,577,70747656,22003029,0.51,0.46,0.57,3.75,4
,,1,2023-04-25T12:20:33.674058896Z,2023-04-25T14:00:33.674058896Z,2023-04-25T13:47:39Z,sdgp,host,120817,412108,8875454,0,0,0,0,0,0,0,0,0,0,0,0,0,0.99,0,0,0,0,0,0,0,0,0,0,0,0,0,0,0,0,0,0,0,0,0,0,0,0,0,0,0,0,0,0,0,0,0,0,0,0,0,0,0,0,0,0,0,0,0,0,0,0,0,0,0,0,0,0,0,0,0,0,0,0,0,0,0,0,0,0,0,0,0,0,0,0,0,0,0,0,0,0,0,0,0,0,0,0,0,0,0,0,0,0,0,0,0,0,0,0,0,0,0,0,0,0,0,0,0,0,0,0,0,0,0,0,0,0,68783139,0,0.4,324,66730827,20765062,0.47,0.46,0.56,3.75,4
,,1,2023-04-25T12:20:33.674058896Z,2023-04-25T14:00:33.674058896Z,2023-04-25T13:47:44Z,sdgp,host,122975,419482,9209054,0,0,0,0,0,0,0,0,0,0,0,0,0,0,0,0,0,0,0,0,0,0,0,0,0,0,0,0,0,0,0,0,0,0,0,0,0,0,0,0,0,0,0,0,0,0,0,0,0,0,0,0,0,0,0,0,0,0,0,0,0,0,0,0,0,0,0,0,0,0,0,0,0,0,0,0,0,0,0,0,0,0,0,0,0,0,0,0,0,0,0,0,0,0,0,0.99,0,0,0,0,0,0,0,0,0,0,0,0,0,0,0,0,0,0,0,0,0,0,0,0,0,0,0,0,0,0,0,0,68393020,0,0.3,345,60887855,20063958,0.43,0.45,0.55,3.74,4
,,1,2023-04-25T12:20:33.674058896Z,2023-04-25T14:00:33.674058896Z,2023-04-25T13:47:50Z,sdgp,host,132633,435292,9546325,0,0,0,0,0,0,0,0,0,0,0,0,0,0,0,0,0,0,0,0,0,0,0,0,0,0,0,0,0,0,0,0,0,0,0,0,0,0,0,0,0,0,0,0,0,0,0,0,0,0,0,0,0,0,0,0,0,0,0,0,0,0,0,0,0,0,0,0,0,0,0,0,0,0,0,0,0,0,0,0,0,0,0,0,0,0,0,0,0,0,0,0,0,0,0,0,0,0,0,0,0,0,0,0,0,0,0,0,0,0,0,0,0,0,0,0,0,0,0,0,0,0,0,0,0,0,0,0,70706588,0,0.3,570,68505870,21487575,0.39,0.45,0.54,3.75,4
,,1,2023-04-25T12:20:33.674058896Z,2023-04-25T14:00:33.674058896Z,2023-04-25T13:47:55Z,sdgp,host,118082,421979,9174479,0,0,0,0,0,0,0,0,0,0,0,0,0,0,0,0,0,0,0,0,0,0,0,0,0,0,0,0,0,0,0,0,0,0,0,0,0,0,0,0,0,0,0,0,0,0,0,0,0,0,0,0,0,0,0,0,0,0,0,0,0,0,0,0,0,0,0,0,0,0,0,0,0,0,0,0,0,0,0,0,0,0,0,0,0,0,0,0,0,0,0,0,0,0,0,0,0,0,0,0,0,0,0,0,0,0,0,0,0,0,0,0,0,0,0,0,0,0,0,0,0,0,0,0,0,0,0,0,68444686,0,0.4,318,65698205,21038135,0.36,0.45,0.53,3.75,6
,,1,2023-04-25T12:20:33.674058896Z,2023-04-25T14:00:33.674058896Z,2023-04-25T13:48:01Z,sdgp,host,114596,374855,8525166,0,0,0,0,0,0,0,0,0,0,0,0,0,0,0,0,0,0,0,0,0,0,0,0,0,0,0,0,0,0,0,0,0,0,0,0,0,0,0,0,0,0,0,0,0,0,0,0,0,0,0,0,0,0,0,0,0,0,0,0,0,0,0,0,0,0,0,0,0,0,0,0,0,0,0,0,0,0,0,0,0,0,0,0,0,0,0,0,0,0,0,0,0,0,0,0,0,0,0,0,0,0,0,0,0,0,0,0,0,0,0,0,0,0,0,0,0,0,0,0,0,0,0,0,0,0,0,0,64189555,0,0.4,286,61062223,19140068,0.33,0.45,0.52,3.75,7
,,1,2023-04-25T12:20:33.674058896Z,2023-04-25T14:00:33.674058896Z,2023-04-25T13:48:06Z,sdgp,host,1896575,4616859,139930808,0,0,0,0,0,0,0,0,0,0,0,0,0,0,0,0,0,0,0,0,0,0,0,0,0,0,0,0,0,0,0.99,0,0,0,0,0,0,0,0,0,0,0,0,0,0,0,0,0,0,0,0,0,0,0,0,0,0,0,0,0,0,0,0,0,0,0,0,0,0,0,0,0,0,0,0,0,0,0,0,0,0,0,0,0,0,0,0,0,0,0,0,0,0,0,0,0,0,0,0,0,0,0,0,0,0,0.99,0,0,0,0,0,0,0,0,0,0,0,0,0,0,0,0,0,0,0,0,0,0,642928101,0,0.3,6021,651218057,327022862,0.31,0.44,0.52,3.74,6
,,1,2023-04-25T12:20:33.674058896Z,2023-04-25T14:00:33.674058896Z,2023-04-25T13:48:12Z,sdgp,host,132706,514292,15040467,0,0,0,0,0,0,0,0,0,0,0,0,0,0.99,0,0,0,0.99,0,0,0,0,0,0,0,0,0,0,0,0,0,0,0,0,0,0,0,0,0,0,0,0,0,0,0,0,0,0,0,0,0,0,0,0,0,0,0,0,0,0,0,0,0,0,0,0,0,0,0,0,0,0,0,0,0,0,0,0,0,0,0,0,0,0,0,0,0,0,0,0,0,0,0,0,0,0,0,0,0,0,0,0,0,0,0,0,0,0,0,0,0,0,0,0,0,0,0,0,0,0,0,0,0,0,0,0,0,0,108118352,0,0.3,318,105930941,39835583,0.36,0.45,0.52,3.74,4
,,1,2023-04-25T12:20:33.674058896Z,2023-04-25T14:00:33.674058896Z,2023-04-25T13:48:17Z,sdgp,host,4143585,10634625,263599886,0,0,0,0,0,0,0,0,0,0,0,0,0,0,0,0,0,0,0,0,0,0,0,0,2,0,0,0,0,0,0,0,0,0,0,1,0,0,0,0,0,0,0,0,0,0,0,0,0,0,0,0,0,0,0,0,0,0,0,0,0,0,0,0,0,0,0,0,0,0,0,0,0,0,0,0,0,0,0,0,0,0,0,0,0,0,0,0,0,0,0,0,0,0,0,0,0,0,0,0,0,0,0,0,0,0,1,0,0,0,0,0,0,0,0,0,0,0,0,0,0,0,0,0,0,0,0,0,1097571633,2,0.3,17464,1080724543,595096929,0.33,0.45,0.51,3.74,120
,,1,2023-04-25T12:20:33.674058896Z,2023-04-25T14:00:33.674058896Z,2023-04-25T13:48:22Z,sdgp,host,117334,394181,8768360,0,0,0,0,0,0,0,0,0,0,0,0,0,0,0,0,0,0,0,0,0,0,0,0,0,0,0,0,0,0,0,0,0,0,0,0,0,0,0,0,0,0,0,0,0,0,0,0,0,0,0,0,0,0,0,0,0,0,0,0,0,0,0,0,0,0,0,0,2.02,0,0,0,0,0,0,0,0,0,0,0,0,0,0,0,0,0,0,0,0,0,0,0,0,0,0,0,0,0,0,0,0,0,0,0,0,0,0,0,0,0,0,0,0,0,0,0,0,0,0,0,0,0,0,0,0,0,0,0,65640535,0,0.4,335,62438502,19564969,0.36,0.45,0.51,3.74,4
,,1,2023-04-25T12:20:33.674058896Z,2023-04-25T14:00:33.674058896Z,2023-04-25T13:48:28Z,sdgp,host,119426,398074,9054025,0,0,0,0,0,0,0,0,0,0,0,0,0,0,0,0,0,0,0,0,0,0,0,0,2,0,0,0,0,0,0,0,0,0,0.99,35.64,0,0,0,0,0,0,0,0,0,0,0,0,0,0,0,0,0,0,0,0,0,0,0,0,0,0,0,0,0,0,0,0,0,0,0,0,0,0,0,0,0,0,0,0,0,0,0,0,0,0,0,0,0,0,0,0,0,0,0,0,0,0,0,0,0,0,0,0,0,0,6,0,0,0,0,0,0,0,0,0,0,16.16,0,0,0,0,0,0,0,0,0,0,65817050,0,0.3,328,63788465,20372748,0.33,0.44,0.51,3.75,7
,,1,2023-04-25T12:20:33.674058896Z,2023-04-25T14:00:33.674058896Z,2023-04-25T13:48:33Z,sdgp,host,123922,433687,9546206,0,0,0,0,0,0,0,0,0,0,0,0,0,0,0,0,0,0,0,0,0,0,0,0,0,0,0,0,0,0,0.99,0,0,0,0,0,0,0,0,0,0,0,0,0,0,0,0,0,0,0,0,0,0,0,0,0,0,0,0,0,0,0,0,0,0,0,0,0,2,0,0,0,0,0,0,0,0,0,0,0,0,0,0,0,0,0,0,0,0,0,0,0,0,0,0,0,0,0,0,0,0,0,0,0,0,0,0,0,0,0,0,0,0,0,0,0,0,0,0,0,0,0,0,0,0,0,0,0,75624956,0,0.3,586,73128115,22143575,0.31,0.44,0.5,3.75,6
,,1,2023-04-25T12:20:33.674058896Z,2023-04-25T14:00:33.674058896Z,2023-04-25T13:48:39Z,sdgp,host,116028,405573,8765423,0,0,0,0,0,0,0,0,0,0,0,0,0,0,0,0,0,0,0,0,0,0,0,0,0,0,0,0,0,0,0,0,0,0,0,0,0,0,0,0,0,0,0,0,0,0,0,0,0,0,0,0,0,0,0,0,0,0,0,0,0,0,0,0,0,0,0,0,0,0.99,0,0,0,0,0,0,0,0,0,0,0,0,0,0,0,0,0,0,0,0,0,0,0,0,0,0,0,0,0,0,0.99,0,0,0,0,0,0,0,0,0,0,0,0,0,0,0,0,0,0,0,0,0,0,0,0,0,0,0,69301552,0,0.3,306,66781573,19762724,0.28,0.44,0.49,3.75,4
,,1,2023-04-25T12:20:33.674058896Z,2023-04-25T14:00:33.674058896Z,2023-04-25T13:48:44Z,sdgp,host,123131,418156,9159775,0,0,0,0,0,0,0,0,0,0,0,0,0,0,0,0,0,0,0,0,0,0,0,0,0,0,0,0,0,0,0,0,0,0,0,0,0,0,0,0,0,0,0,0,0,0,0,0,0,0,0,0,0,0,0,0,0,0,0,0,0,0,0,0,0,0,0,0,0,0,0,0,0,0,0,0,0,0,0,0,0,0,0,0,0,0,0,0,0,0,0,0,0,0,0,0,0,0,0,0,0,0,0,0,0,0,0,0,0,0,0,0,0,0,0,0,0,0,0,0,0,0,0,0,0,0,0,0,66927661,0,0.3,341,64085221,20484542,0.26,0.44,0.48,3.75,4
,,1,2023-04-25T12:20:33.674058896Z,2023-04-25T14:00:33.674058896Z,2023-04-25T13:48:50Z,sdgp,host,134876,427856,9565664,0,0,0,0,0,0,0,0,0,0,0,0,0,0,0,0,0,0,0,0,0,0,0,0,0,0,0,0,0,0,0.99,0,0,0,0,0,0,0,0,0,0,0,0,0,0,0,0,0,0,0,0,0,0,0,0,0,0,0,0,0,0,0,0,0,0,0,0,0,0,0,0,0,0,0,0,0,0,0,0,0,0,0,0,0,0,0,0,0,0,0,0,0,0,0,0,0,0,0,0,0,0,0,0,0,0,0,0,0,0,0,0,0,0,0,0,0,0,0,0,0,0,0,0,0,0,0,0,0,69876832,0,0.4,590,67938544,21291262,0.24,0.43,0.47,3.75,4
,,1,2023-04-25T12:20:33.674058896Z,2023-04-25T14:00:33.674058896Z,2023-04-25T13:48:55Z,sdgp,host,113427,393485,8652517,0,0,0,0,0,0,0,0,0,0,0,0,0,0,0,0,0,0,0,0,0,0,0,0,0,0,0,0,0,0,0,0,0,0,0,0,0,0,0,0,0,0,0,0,0,0,0,0,0,0,0,0,0,0,0,0,0,0,0,0,0,0,0,0,0,0,0,0,0,0,0,0,0,0,0,0,0,0,0,0,0,0,0,0,0,0,0,0,0,0,0,0,0,0,0,0,0,0,0,0,0,0,0,0,0,0,0,0,0,0,0,0,0,0,0,0,0,0,0,0,0,0,0,0,0,0,0,0,64307482,0,0.3,308,62219163,19668602,0.22,0.43,0.46,3.76,6
,,1,2023-04-25T12:20:33.674058896Z,2023-04-25T14:00:33.674058896Z,2023-04-25T13:49:01Z,sdgp,host,118765,401348,9000300,0,0,0,0,0,0,0,0,0,0,0,0,0,0,0,0,0,0,0,0,0,0,0,0,0,0,0,0,0,0,0,0,0,0,0,0,0,0,0,0,0,0,0,0,0,0,0,0,0,0,0,0,0,0,0,0,0,0,0,0,0,0,0,0,0,0,0,0,0,0,0,0,0,0,0,0,0,0,0,0,0,0,0,0,0,0,0,0,0,0,0,0,0,0,0,0,0,0,0,0,0,0,0,0,0,0,0,0,0,0,0,0,0,0,0,0,0,0,0,0,0,0,0,0,0,0,0,0,67333857,0,0.3,316,63945040,20154997,0.2,0.43,0.46,3.77,6
,,1,2023-04-25T12:20:33.674058896Z,2023-04-25T14:00:33.674058896Z,2023-04-25T13:49:06Z,sdgp,host,3285018,8713797,230741237,0,0,0,0,0,0,0,0,0,0,0,0,0,0,0,0,0,0,0,0,0,0,0,0,0,0,0,0,0,0,0,0,0,0,0,0,0,0,0,0,0,0,0,0,0,0,0,0,0,0,0,0,0,0,0,0,0,0,0,0,0,0,0,0,0,0,0,0,0,0,0,0,0,0,0,0,0,0,0,0,0,0,0,0,0,0,0,0,0,0,0,0,0,0,0,0,0,0,0,0,0,0,0,0,0,0,0,0,0,0,0,0,0,0,0,0,0,0,0,0,0,0,0,0,0,0,0,0,989963671,8,0.3,13803,998630976,519844947,0.18,0.43,0.45,3.76,6
,,1,2023-04-25T12:20:33.674058896Z,2023-04-25T14:00:33.674058896Z,2023-04-25T13:49:12Z,sdgp,host,133759,528665,15057193,0,0,0,0,0,0,0,0,0,0,0,0,0,0,0,0,0,0,0,0,0,0,0,0,0,0,0,0,0,0,0,0,0,0,0,0,0,0,0,0,0,0,0,0,0,0,0,0,0,0,0,0,0,0,0,0,0,0,0,0,0,0,0,0,0,0,0,0,0,0,0,0,0,0,0,0,0,0,0,0,0,0,0,0,0,0,0,0,0,0,0,0,0,0,0,0,0,0,0,0,0,0,0,0,0,0,0,0,0,0,0,0,0,0,0,0,0,0,0,0,0,0,0,0,0,0,0,0,109952929,0,0.3,308,107398407,40442735,0.25,0.43,0.46,3.76,4
,,1,2023-04-25T12:20:33.674058896Z,2023-04-25T14:00:33.674058896Z,2023-04-25T13:49:17Z,sdgp,host,2897655,7114266,181918429,0,0,10.1,0,0,0,0,0,0,0,0,0,0,0,0,0,0,0,0,0,0,0,0,0,6.93,0,0,0,0,0,0,0,0,6,0,0,0,0,0,0,0,0,0,0,0,0,0,0,0,0,0,0,0,0,0,0,0,0,0,0,0,0,0,0,0,0,0,0,0,0,0,0,0,0,0,0,0,0,0,0,0,0,0,0,0,0,0,0,0,0,0,0,0,0,0,0.99,0,0,0,0,0,0,0,0,0,0,0,0,0,0,0,0,0,0,0,0,0,0,0,0,0,0,0,0,0,0,0,0,760683201,0,0.3,10394,743144534,423562694,0.23,0.43,0.45,3.75,40
,,1,2023-04-25T12:20:33.674058896Z,2023-04-25T14:00:33.674058896Z,2023-04-25T13:49:23Z,sdgp,host,122627,400186,8899858,0,0,0,0,0,0,0,0,0,0,0,0,0,0,0,0,0,0,0,0,0,0,0,0,0,0,0,0,0,0,0,0,0,0,0,0,0,0,0,0,0,0,0,0,0,0,0,0,0,0,0,0,0,0,0,0,0,0,0,0,0,0,0,0,0,0,0,0,2,0,0,0,0,0,0,0,0,0,0,0,0,0,0,0,0,0,0,0,0,0,0,0,0,0,0,0,0,0,0,0,0,0,0,0,0,0,0,0,0,0,0,0,0,0,0,0,0,0,0,0,0,0,0,0,0,0,0,0,67864473,0,0.3,328,65656224,19851855,0.35,0.43,0.47,3.74,4
,,1,2023-04-25T12:20:33.674058896Z,2023-04-25T14:00:33.674058896Z,2023-04-25T13:49:28Z,sdgp,host,133409,485820,9756913,0,0,16.33,0,0,0,0,0,0,0,0,0,0,0,0,0,0,0,0,0,0,0,0,0,16.83,0,0,0,0,0,0,0,0,0,0,0,0,11.88,0,0,0,0,0,0,0,0,0,0,0,0,0,0,0,0,0,0,0,0,0,0,0,0,0,0,0,0,0,0,0,0,0,0,0,0,0,0,0,0,0,0,0,0,0,0,0,0,0,0,0,0,0,0,0,0,0,0,0,0,0,0,0,0,0,0,0,0,0,0,0,0,0,0,0,0,0,0,0,0,0,0,0,0,0,0,0,0,0,0,79786396,1,0.5,327,77075010,22435168,0.33,0.43,0.46,3.61,6
,,1,2023-04-25T12:20:33.674058896Z,2023-04-25T14:00:33.674058896Z,2023-04-25T13:49:34Z,sdgp,host,144242,449959,9615117,0,0,0,0,0,0,0,0,0,0,0,0,0,0,0,0,0,0,0,0,0,0,0,0,0,0,0,0,0,0,0.99,0,0,0,0,0,0,0,0,0,0,0,0,0,0,0,0,0,0,0,0,0,0,0,0,0,0,0,0,0,0,0,0,0,0,0,0,0,0,0,0,0,0,0,0,0,0,0,0,0,0,0,0,0,0,0,0,0,0,0,0,0,0,0,0,0.99,0,0,0,0,0,0,0,0,0,0,0,0,0,0,0,0,0,0,0,0,0,0,0,0,0,0,0,0,0,0,0,0,72521790,1,0.4,606,69796023,21910879,0.3,0.43,0.45,3.61,6
,,1,2023-04-25T12:20:33.674058896Z,2023-04-25T14:00:33.674058896Z,2023-04-25T13:49:39Z,sdgp,host,116958,405335,8803283,0,0,0,0,0,0,0,0,0,0,0,0,0,0,0,0,0,0,0,0,0,0,0,0,0,0,0,0,0,0,0,0,0,0,0,0,0,0,0,0,0,0,0,0,0,0,0,0,0,0,0,0,0,0,0,0,0,0,0,0,0,0,0,0,0,0,0,0,0,0,0,0,0,0,0,0,0,0,0,0,0,0,0,0,0,0,0,0,0,0,0,0,0,0,0,0,0,0,0,0,0.99,0,0,0,0,0,0,0,0,0,0,0,0,0,0,0,0,0,0,0,0,0,0,0,0,0,0,0,69825174,0,0.3,318,66759943,20202062,0.27,0.43,0.44,3.62,4
,,1,2023-04-25T12:20:33.674058896Z,2023-04-25T14:00:33.674058896Z,2023-04-25T13:49:44Z,sdgp,host,125273,425938,9144435,0,0,0,0,0,0,0,0,0,0,0,0,0,0,0,0,0,0,0,0,0,0,0,0,0,0,0,0,0,0,0,0,0,0,0,0,0,0,0,0,0,0,0,0,0,0,0,0,0,0,0,0,0,0,0,0,0,0,0,0,0,0,0,0,0,0,0,0,0,0,0,0,0,0,0,0,0,0,0,0,0,0,0,0,0,0,0,0,0,0,0,0,0,0,0,0,0,0,0,0,0,0,0,0,0,0,0,0,0,0,0,0,0,0,0,0,0,0,0,0,0,0,0,0,0,0,0,0,67042615,0,0.4,322,64235383,20726933,0.25,0.42,0.44,3.62,5
,,1,2023-04-25T12:20:33.674058896Z,2023-04-25T14:00:33.674058896Z,2023-04-25T13:49:50Z,sdgp,host,133796,419965,9402268,0,0,0,0,0,0,0,0,0,0,0,0,0,0,0,0,0,0,0,0,0,0,0,0,0,0,0,0,0,0,0.99,0,0,0,0,0,0,0,0,0,0,0,0,0,0,0,0,0,0,0,0,0,0,0,0,0,0,0,0,0,0,0,0,0,0,0,0,0,0,0,0,0,0,0,0,0,0,0,0,0,0,0,0,0,0,0,0,0,0,0,0,0,0,0,0,0,0,0,0,0,0,0,0,0,0,0,0,0,0,0,0,0,0,0,0,0,0,0,0,0,0,0,0,0,0,0,0,0,70282927,0,0.4,570,66632930,21117507,0.23,0.42,0.43,3.62,4
,,1,2023-04-25T12:20:33.674058896Z,2023-04-25T14:00:33.674058896Z,2023-04-25T13:49:55Z,sdgp,host,116485,398997,8862084,0,0,0,0,0,0,0,0,0,0,0,0,0,0,0,0,0,0,0,0,0,0,0,0,0,0,0,0,0,0,0,0,0,0,0,0,0,0,0,0,0,0,0,0,0,0,0,0,0,0,0,0,0,0,0,0,0,0,0,0,0,0,0,0,0,0,0,0,0,0,0,0,0,0,0,0,0,0,0,0,0,0,0,0,0,0,0,0,0,0,0,0,0,0,0,0,0,0,0,0,0,0,0,0,0,0,0,0,0,0,0,0,0,0,0,0,0,0,0,0,0,0,0,0,0,0,0,0,64851780,0,0.3,306,62189431,20133771,0.21,0.42,0.42,3.61,4
,,1,2023-04-25T12:20:33.674058896Z,2023-04-25T14:00:33.674058896Z,2023-04-25T13:50:01Z,sdgp,host,143920,458356,10277664,0,0,0,0,0,0,0,0,0,0,0,0,0,0,0,0,0,0,0,0,0,0,0,0,0,0,0,0,0,0,0.99,0,0,0,0,0,0,0,0,0,0,0,0,0,0,0,0,0,0,0,0,0,0,0,0,0,0,0,0,0,0,0,0,0,0,0,0,0,0,0,0,0,0,0,0,0,0,0,0,0,0,0,0,0,0,0,0,0,0,0,0,0,0,0,0,0,0,0,0,0,0,0,0,0,0,0,0,0,0,0,0,0,0,0,0,0,0,0,0,0,0,0,0,0,0,0,0,0,89941130,2,0.3,390,75580264,23346689,0.2,0.42,0.41,3.61,5
,,1,2023-04-25T12:20:33.674058896Z,2023-04-25T14:00:33.674058896Z,2023-04-25T13:50:06Z,sdgp,host,4511456,12132782,320135641,0,0,0,0,0,0,0,0,0,0,0,0,0,0,0,0,0,0,0,0,0,0,0,0,0,0,0,0,0,0,0,0,0,0,0,0,0,0,0,0,0,0,0,0,0,0,0,0,0,0,0,0,0,0,0,0,0,0,0,0,0,0,0,0,0,0,0,0,0,0,0,0,0,0,0,0,0,0,0,0,0,0,0,0,0,0,0,0,0,0,0,0,0,0,0,0,0,0,0,0,0,0,0,0,0,0,0,0,0,0,0,0,0,0,0,0,0,0,0,0,0,0,0,0,0,0,0,0,1366269538,3,0.3,18947,1372109537,720242196,0.18,0.41,0.41,3.61,58
,,1,2023-04-25T12:20:33.674058896Z,2023-04-25T14:00:33.674058896Z,2023-04-25T13:50:12Z,sdgp,host,131957,524212,14973705,0,0,0,0,0,0,0,0,0,0,0,0,0,0,0,0,0,0,0,0,0,0,0,0,0,0,0,0,0,0,0,0,0,0,0,0,0,0,0,0,0,0,0,0,0,0,0,0,0,0,0,0,0,0,0,0,0,0,0,0,0,0,0,0,0,0,0,0,0,0,0,0,0,0,0,0,0,0,0,0,0,0,0,0,0,0,0,0,0,0,0,0,0,0,0,0,0,0,0,0,0,0,0,0,0,0,0,0,0,0,0,0,0,0,0,0,0,0,0,0,0,0,0,0,0,0,0,0,108759108,0,0.3,322,106758923,40129011,0.25,0.42,0.42,3.61,6
,,1,2023-04-25T12:20:33.674058896Z,2023-04-25T14:00:33.674058896Z,2023-04-25T13:50:17Z,sdgp,host,1352703,2582613,81725193,0,0,2,0,0,0,0,0,0,0,0,0,0,3,0,0,0,0,0,0,0,0,0,0,0,0,0,0,0,0,0,0,0,0,0,17.35,0,0,0,0,0,0,0,0,3.03,0,0,0,0,0,0,0,0,0,0,0,0,0,0,0,0,0,0,0,0,0,0,0,0,0,0,0,0,0,0,0,0,0,0,0,0,0,0,0,0,0,0,0,0,0,0,0,0,0,0,0,0,0,0,0,0,0,0,0,0,0,10.2,0,0,0,0,0,0,0,0,0,0,0,0.99,0,0,0,0,0,0,0,0,0,356602057,1,0.4,1895,340016799,215953809,0.23,0.42,0.41,3.62,47
,,1,2023-04-25T12:20:33.674058896Z,2023-04-25T14:00:33.674058896Z,2023-04-25T13:50:23Z,sdgp,host,117923,389205,8648803,0,0,0,0,0,0,0,0,0,0,0,0,0,0,0,0,0,0,0,0,0,0,0,0,0,0,0,0,0,0,0,0,0,0,0,0,0,0,0,0,0,0,0,0,0,0,0,0,0,0,0,0,0,0,0,0,0,0,0,0,0,0,0,0,0,0,0,0,2,0,0,0,0,0,0,0,0,0,0,0,0,0,0,0,0,0,0,0,0,0,0,0,0,0,0,0,0,0,0,0,0,0,0,0,0,0,0,0,0,0,0,0,0,0,0,0,0,0,0,0,0,0,0,0,0,0,0,0,64486692,0,0.3,310,61635650,19392154,0.19,0.41,0.4,3.62,4
,,1,2023-04-25T12:20:33.674058896Z,2023-04-25T14:00:33.674058896Z,2023-04-25T13:50:28Z,sdgp,host,116502,396159,8842859,0,0,12,0,0,0,0,0,0,0,0,0,0,0,0,0,0,0,0,0,0,0,0,0,0,0,0,0,0,0,0,0,0,0,0,5.94,0,0,0,0,0,0,0,0,0,0,0,0,0,0,0,0,0,0,0,0,0,0,0,0,0,0,0,0,0,0,0,0,0,0,0,0,0,0,0,0,0,0,0,0,0,0,0,0,0,0,0,0,0,0,1,0,0,0,0,0,0,0,0,0,0,0,0.99,0,0,0,4.21,0,0,0,0,0,0,0,0,0,0,3,0,0,0,0,0,0,0,0,0,0,63830766,0,1.1,338,61583152,19752206,0.17,0.41,0.39,3.62,4
,,1,2023-04-25T12:20:33.674058896Z,2023-04-25T14:00:33.674058896Z,2023-04-25T13:50:34Z,sdgp,host,136953,481893,9670807,0,0,0,0,0,0,0,0,0,0,0,0,0,0,0,0,0,0,0,0,0,0,0,0,0,0,0,0,0,0,0,0,0,0,0,0,0,0,0,0,0,0,0,0,0,0,0,0,0,0,0,0,0,0,0,0,0,0,0,0,0,0,0,0,0,0,0,0,0,0,0,0,0,0,0,0,0,0,0,0,0,0,0,0,0,0,0,0,0,0,0,0,0,0,0,0,0,0,0,0,0,0,0,0,0,0,0,0,0,0,0,0,0,0,0,0,0,0,0,0,0,0,0,0,0,0,0,0,77227274,0,0.4,575,75210416,22995732,0.16,0.41,0.38,3.62,7
,,1,2023-04-25T12:20:33.674058896Z,2023-04-25T14:00:33.674058896Z,2023-04-25T13:50:39Z,sdgp,host,113760,388700,8258928,0,0,0,0,0,0,0,0,0,0,0,0,0,0,0,0,0,0,0,0,0,0,0,0,0,0,0,0,0,0,0,0,0,0,0,0,0,0,0,0,0,0,0,0,0,0,0,0,0,0,0,0,0,0,0,0,0,0,0,0,0,0,0,0,0,0,0,0,0,0,0,0,0,0,0,0,0,0,0,0,0,0,0,0,0,0,0,0,0,0,0,0,0,0,0,0,0,0,0,0,0,0,0,0,0,0,0,0,0,0,0,0,0,0,0,0,0,0,0,0,0,0,0,0,0,0,0,0,64021566,0,0.3,288,61982537,19392896,0.15,0.4,0.38,3.62,4
,,1,2023-04-25T12:20:33.674058896Z,2023-04-25T14:00:33.674058896Z,2023-04-25T13:50:45Z,sdgp,host,118173,417027,9057612,0,0,0,0,0,0,0,0,0,0,0,0,0,0,0,0,0,0,0,0,0,0,0,0,0,0,0,0,0,0,0,0,0,0,0,0,0,0,0,0,0,0,0,0,0,0,0,0,0,0,0,0,0,0,0,0,0,0,0,0,0,0,0,0,0,0,0,0,0,0,0,0,0,0,0,0,0,0,0,0,0,0,0,0,0,0,0,0,0,0,0,0,0,0,0,0,0,0,0,0,0,0,0,0,0,0,0,0,0,0,0,0,0,0,0,0,0,0,0,0,0,0,0,0,0,0,0,0,66796281,0,0.3,314,64689625,20318002,0.14,0.4,0.37,3.62,4
,,1,2023-04-25T12:20:33.674058896Z,2023-04-25T14:00:33.674058896Z,2023-04-25T13:50:50Z,sdgp,host,127268,417768,9262842,0,0,0,0,0,0,0,0,0,0,0,0,0,0,0,0,0,0,0,0,0,0,0,0,0,0,0,0,0,0,0,0,0,0,0,0,0,0,0,0,0,0,0,0,0,0,0,0,0,0,0,0,0,0,0,0,0,0,0,0,0,0,0,0,0,0,0,0,0,0,0,0,0,0,0,0,0,0,0,0,0,0,0,0,0,0,0,0,0,0,0,0,0,0,0,0,0,0,0,0,0,0,0,0,0,0.99,0,0,0,0,0,0,0,0,0,0,0,0,0,0,0,0,0,0,0,0,0,0,73084250,0,0.3,586,69880139,20707378,0.12,0.4,0.36,3.62,4
,,1,2023-04-25T12:20:33.674058896Z,2023-04-25T14:00:33.674058896Z,2023-04-25T13:50:56Z,sdgp,host,104979,377236,8199636,0,0,0,0,0,0,0,0,0,0,0,0,0,0,0,0,0,0,0,0,0,0,0,0,0,0,0,0,0,0,0,0,0,0,0,0,0,0,0,0,0,0,0,0,0,0,0,0,0,0,0,0,0,0,0,0,0,0,0,0,0,0,0,0,0,0,0,0,0,0,0,0,0,0,0,0,0,0,0,0,0,0,0,0,0,0,0,0,0,0,0,0,0,0,0,0,0,0,0,0,0,0,0,0,0,0,0,0,0,0,0,0,0,0,0,0,0,0,0,0,0,0,0,0,0,0,0,0,66945897,0,0.3,266,64181042,18736453,0.11,0.4,0.36,3.63,4
,,1,2023-04-25T12:20:33.674058896Z,2023-04-25T14:00:33.674058896Z,2023-04-25T13:51:01Z,sdgp,host,112644,408491,8630359,0,0,0,0,0,0,0,0,0,0,0,0,0,0,0,0,0,0,0,0,0,0,0,0,0,0,0,0,0,0,0,0,0,0,0,0,0,0,0,0,0,0,0,0,0,0,0,0,0,0,0,0,0,0,0,0,0,0,0,0,0,0,0,0,0,0,0,0,0,0,0,0,0,0,0,0,0,0,0,0,0,0,0,0,0,0,0,0,0,0,0,0,0,0,0,0,0,0,0,0,0,0,0,0,0,0,0,0,0,0,0,0,0,0,0,0,0,0,0,0,0,0,0,0,0,0,0,0,71948177,0,0.4,309,69391927,20185386,0.1,0.39,0.35,3.62,6
,,1,2023-04-25T12:20:33.674058896Z,2023-04-25T14:00:33.674058896Z,2023-04-25T13:51:06Z,sdgp,host,5175654,12856509,348309077,0,0,0,0,0,0,0,0,0,0,0,0,0,0,0,0,0,0,0,0,0,0,0,0,0,0,0,0,0,0,0,0,0,0,0,0,0,0,0,0,0,0,0,0,0,0,0,0,0,0,0,0,0,0,0,0,0,0,0,0,0,0,0,0,0,0,0,0,0,0,0,0,0,0,0,0,0,0,0,0,0,0,0,0,0,0,0,0,0,0,0,0,0,0,0,0.99,0,0,0,0,0,0,0,0,0,0,0,0,0,0,0,0,0,0,0,0,0,0,0,0,0,0,0,0,0,0,0,0,1427645898,0,0.3,18952,1425770969,807472999,0.1,0.39,0.34,3.62,64
,,1,2023-04-25T12:20:33.674058896Z,2023-04-25T14:00:33.674058896Z,2023-04-25T13:51:12Z,sdgp,host,138940,530294,15265672,0,0,0,0,0,0,0,0,0,0,0,0,0,0,0,0,0,0,0,0,0,0,0,0,0,0,0,0,0,0,0,0,0,0,0,0,0,0,0,0,0,0,0,0,0,0,0,0,0,0,0,0,0,0,0,0,0,0,0,0,0,0,0,0,0,0,0,0,0,0,0,0,0,0,0,0,0,0,0,0,0,0,0,0,0,0,0,0,0,0,0,0,0,0,0,0,0,0,0,0,0,0,0,0,0,0,0,0,0,0,0,0,0,0,0,0,0,0,0,0,0,0,0,0,0,0,0,0,109657082,0,0.3,340,106963737,40259128,0.17,0.39,0.36,3.62,4
,,1,2023-04-25T12:20:33.674058896Z,2023-04-25T14:00:33.674058896Z,2023-04-25T13:51:17Z,sdgp,host,129793,420893,9253382,0,0,0,0,0,0,0,0,0,0,0,0,0,2,0,0,0,0,0,0,0,0,0,0,6.06,0,0,0,0,0,0,0,0,0,0,5,1,0,0,0,0,0,0,0,0,0,0,0,0,0,0,0,0,0,0,0,0,0,0,0,0,0,0,0,0,0,0,0,0,0,0,0,0,0,0,0,0,0,0,0,0,0,0,0,0,0,0,0,0,0,0,0,0,0,0,0,0,0,0,0,0,0,0,0,0,0,15.15,0,0,0,0,0,0,0,0,0,0,26,0,0,0,0,0,0,0,0,0,0,72821007,0,0.3,556,69115307,20824641,0.15,0.39,0.35,3.62,4
,,1,2023-04-25T12:20:33.674058896Z,2023-04-25T14:00:33.674058896Z,2023-04-25T13:51:23Z,sdgp,host,113664,398052,8704965,0,0,0,0,0,0,0,0,0,0,0,0,0,0,0,0,0,0,0,0,0,0,0,0,0,0,0,0,0,0,0,0,0,0,0,0,0,0,0,0,0,0,0,0,0,0,0,0,0,0,0,0,0,0,0,0,0,0,0,0,0,0,0,0,0,0,0,0,2,0,0,0,0,0,0,0,0,0,0,0,0,0,0,0,0,0,0,0,0,0,0,0,0,1,0,0.99,0,0,0,0,0,0,0,0,0,0,0,0,0,0,0,0,0,0,0,0,0,0,0,0,0,0,0,0,0,0,0,0,63723260,0,0.3,310,60769446,19698661,0.13,0.39,0.34,3.63,4
,,1,2023-04-25T12:20:33.674058896Z,2023-04-25T14:00:33.674058896Z,2023-04-25T13:51:28Z,sdgp,host,123575,425738,9230943,0,0,0,0,0,0,0,0,0,0,0,0,0,0,0,0,0,0,0,0,0,0,0,0,0,0,0,0,0,0,0,0,0,0,0,10,0,0,0,0,0,0,0,0,0,0,0,0,0,0,0,0,0,0,0,0,0,0,0,0,0,0,0,0,0,0,0,0,0,0,0,0,0,0,0,0,0,0,0,0,0,0,0,0,0,0,0,0,0,0,1,0,0,0,0,0,0,0,0,0,0,0,0,0,0,0,1,0,0,0,0,0,0,0,0,0,0,0,0,0,0,0,0,0,0,0,0,0,69841002,0,1.1,313,67245498,20781794,0.12,0.38,0.33,3.63,6
,,1,2023-04-25T12:20:33.674058896Z,2023-04-25T14:00:33.674058896Z,2023-04-25T13:51:34Z,sdgp,host,137069,479074,9842697,0,0,0,0,0,0,0,0,0,0,0,0,0,0,0,0,0,0,0,0,0,0,0,0,0,0,0,0,0,0,0,0,0,0,0,0,0,0,0,0,0,0,0,0,0,0,0,0,0,0,0,0,0,0,0,0,0,0,0,0,0,0,0,0,0,0,0,0,0,0,0,0,0,0,0,0,0,0,0,0,0,0,0,0,0,0,0,0,0,0,0,0,0,0,0,0,0,0,0,0,0,0,0,0,0,0,0,0,0,0,0,0,0,0,0,0,0,0,0,0,0,0,0,0,0,0,0,0,78285357,0,0.3,597,76367239,22767047,0.11,0.38,0.33,3.62,6
,,1,2023-04-25T12:20:33.674058896Z,2023-04-25T14:00:33.674058896Z,2023-04-25T13:51:39Z,sdgp,host,115150,400143,8641451,0,0,0,0,0,0,0,0,0,0,0,0,0,0,0,0,0,0,0,0,0,0,0,0,0,0,0,0,0,0,0,0,0,0,0,0,0,0,0,0,0,0.99,0,0,0,0,0,0,0,0,0,0,0,0,0,0,0,0,0,0,0,0,0,0,0,0,0,0,0,0,0,0,0,0,0,0,0,0,0,0,0,0,0,0,0,0,0,0,0,0,0,0,0,0,0,0,0,0,0,0,1,0,0,0,0,0,0,0,0,0,0,0,0,0,0,0,0,0,0,0,0,0,0,0,0,0,0,0,65264679,0,0.3,306,62998797,19579292,0.1,0.38,0.32,3.62,4
,,1,2023-04-25T12:20:33.674058896Z,2023-04-25T14:00:33.674058896Z,2023-04-25T13:51:45Z,sdgp,host,123525,428802,9185508,0,0,0,0,0,0,0,0,0,0,0,0,0,0,0,0,0,0,0,0,0,0,0,0,0,0,0,0,0,0,0,0,0,0,0,0,0,0,0,0,0,0,0,0,0,0,0,0,0,0,0,0,0,0,0,0,0,0,0,0,0,0,0,0,0,0,0,0,0,0,0,0,0,0,0,0,0,0,0,0,0,0,0,0,0,0,0,0,0,0,0,0,0,0,0,0,0,0,0,0,0,0,0,0,0,0,0,0,0,0,0,0,0,0,0,0,0,0,0,0,0,0,0,0,0,0,0,0,70275624,0,0.3,340,68157659,20601279,0.09,0.38,0.31,3.62,4
,,1,2023-04-25T12:20:33.674058896Z,2023-04-25T14:00:33.674058896Z,2023-04-25T13:51:50Z,sdgp,host,112885,397425,8738329,0,0,0,0,0,0,0,0,0,0,0,0,0,0,0,0,0,0,0,0,0,0,0,0,0,0,0,0,0,0,0,0,0,0,0,0,0,0,0,0,0,0,0,0,0,0,0,0,0,0,0,0,0,0,0,0,0,0,0,0,0,0,0,0,0,0,0,0.99,0.99,0,0,0,0,0,0,0,0,0,0,0,0,0,0,0,0,0,0,0,0,0,0,0,0,0,0,0,0,0,0,0,0,0,0,0.99,0,0,0,0,0,0,0,0,0,0,0,0,0,0,0,0,0,0,0,0,0,0,0,0,66077578,0,0.3,295,63252994,19555481,0.08,0.37,0.31,3.62,4
,,1,2023-04-25T12:20:33.674058896Z,2023-04-25T14:00:33.674058896Z,2023-04-25T13:51:56Z,sdgp,host,118000,404649,8778970,0,0,0,0,0,0,0,0,0,0,0,0,0,0,0,0,0,0,0,0,0,0,0,0,0,0,0,0,0,0,0,0,0,0,0,0,0,0,0,0,0,0,0,0,0,0,0,0,0,0,0,0,0,0,0,0,0,0,0,0,0,0,0,0,0,0,0,0,0,0,0,0,0,0,0,0,0,0,0,0,0,0,0,0,0,0,0,0,0,0,0,0,0,0,0,0,0,0,0,0,0,0,0,0,0,0,0,0,0,0,0,0,0,0,0,0,0,0,0,0,0,0,0,0,0,0,0,0,64450419,0,0.3,320,62081060,19744629,0.08,0.37,0.3,3.63,4
,,1,2023-04-25T12:20:33.674058896Z,2023-04-25T14:00:33.674058896Z,2023-04-25T13:52:01Z,sdgp,host,134523,444128,9666936,0,0,0,0,0,0,0,0,0,0,0,0,0,0,0,0,0,0,0,0,0,0,0,0,0,0,0,0,0,0,0,0,0,0,0,0,0,0,0,0,0,0,0,0,0,0,0,0,0,0,0,0,0,0,0,0,0,0,0,0,0,0,0,0,0,0,0,0,0,0,0,0,0,0,0,0,0,0,0,0,0,0,0,0,0,0,0,0,0,0,0,0,0,0,0,0,0,0,0,0,0,0,0,0,0,0,0,0,0,0,0,0,0,0,0,0,0,0,0,0,0,0,0,0,0,0,0,0,77091159,0,0.3,591,69542045,19129238,0.07,0.37,0.3,3.63,6
,,1,2023-04-25T12:20:33.674058896Z,2023-04-25T14:00:33.674058896Z,2023-04-25T13:52:07Z,sdgp,host,5219557,12845187,348820941,0,0,0,0,0,0,0,0,0,0,0,0,0,0,0,0,0,0,0,0,0,0,0,0,0,0,0,0,0,0,0,0,0,0,0,0,0,0,0,0,0,0,0,0,0,0,0,0,0,0,0,0,0,0,0,0,0,0,0,0,0,0,0,0,0,0,0,0,0,0,0,0,0,0,0,0,0,0,0,0,0,0,0,0,0,0,0,0,0,0,0,0,0,0,0,0,0,0,0,0,0,0,0,0,0,0,0,0,0,0,0,0,0,0,0,0,0,0,0,0,0,0,0,0,0,0,0,0,1487611024,2,0.3,18867,1485357125,802974015,0.07,0.37,0.29,3.63,46
,,1,2023-04-25T12:20:33.674058896Z,2023-04-25T14:00:33.674058896Z,2023-04-25T13:52:12Z,sdgp,host,177136,554995,16969736,0,0,0,0,0,0,0,0,0,0,0,0,0,0,0,0,0,0,0,0,0,0,0,0,0,0,0,0,0,0,0,0,0,0,0,0,0,0,0,0,0,0,0,0,0,0,0,0,0,0,0,0,0,0,0,0,0,0,0,0,0,0,0,0,0,0,0,0,0,0,0,0,0,0,0,0,0,0,0,0,0,0,0,0,0,0,0,0,0,0,0,0,0,0,0,0,0,0,0,0,0,0,0,0,0,0,0,0,0,0,0,0,0,0,0,0,0,0,0,0,0,0,0,0,0,0,0,0,121648682,0,0.3,327,119768749,46254580,0.06,0.37,0.29,3.63,5
,,1,2023-04-25T12:20:33.674058896Z,2023-04-25T14:00:33.674058896Z,2023-04-25T13:52:18Z,sdgp,host,139982,463749,9649727,0,0,2,0,0,0,0,0,0,0,0,0,0,6.06,0,0,0,0,0,0,0,0,0,0,0,0,0,0,0,0,0,0,0,0,0,12.63,0,0,0,0,0,0,0,0,0,0,0,0,0,0,0,0,0,0,0,0,0,0,0,0,0,0,0,0,0,0,0,0,0,0,0,0,0,0,0,0,0,0,0,0,0,0,0,0,0,0,0,0,0,0,0,0,0,0,0,0,0,0,0,0,0,0,0,0,0,0,34.34,0,0,0,0,0,0,0,0,0,0,0.99,0,0,0,0,0,0,0,0,0,0,78750070,0,0.4,583,76031333,22035054,0.06,0.36,0.28,3.63,4
,,1,2023-04-25T12:20:33.674058896Z,2023-04-25T14:00:33.674058896Z,2023-04-25T13:52:23Z,sdgp,host,120157,409830,8733198,0,0,0,0,0,0,0,0,0,0,0,0,0,0,0,0,0,0,0,0,0,0,0,0,0,0,0,0,0,0,0,0,0,0,0,0,0,0,0,0,0,0,0,0,0,0,0,0,0,0,0,0,0,0,0,0,0,0,0,0,0,0,0,0,0,0,0,0,2,0,0,0,0,0,0,0,0,0,0,0,0,0,0,0,0,0,0,0,0,0,0,0,0,0,0,0,0,0,0,0,0,0,0,0,0,0,0,0,0,0,0,0,0,0,0,0,0,0,0,0,0,0,0,0,0,0,0,0,64902058,0,0.3,314,62693848,19664977,0.05,0.36,0.27,3.62,6
,,1,2023-04-25T12:20:33.674058896Z,2023-04-25T14:00:33.674058896Z,2023-04-25T13:52:29Z,sdgp,host,115682,397626,8806298,0,0,0,0,0,0,0,0,0,0,0,0,0,0,0,0,0,0,0,0,0,0,0,0,0,0,0,0,0,0,0,0,0,0,0,0,0,0,0,0,0,0,0,0,0,0,0,0,0,0,0,0,0,0,0,0,0,0,0,0,0,0,0,0,0,0,0,0,0,0,0,0,0,0,0,0,0,0,0,0,0,0,0,0,0,0,0,0,0,0,0,0,0,0,0,0,0,0,0,0,0,0,0.99,0,0,0,0,0,0,0,0,0,0,0,0,0,0,0,0,0,0,0,0,0,0,0,0,0,65194323,0,1.1,323,63024777,20319815,0.04,0.36,0.27,3.64,4
,,1,2023-04-25T12:20:33.674058896Z,2023-04-25T14:00:33.674058896Z,2023-04-25T13:52:34Z,sdgp,host,132319,435011,9419832,0,0,0,0,0,0,0,0,0,0,0,0,0,0,0,0,0,0,0,0,0,0,0,0,0,0,0,0,0,0,0,0,0,0,0,0,0,0,0,0,0,0,0,0,0,0,0,0,0,0,0,0,0,0,0,0,0,0,0,0,0,0,0,0,0,0,0,0,0,0,0,0,0,0,0,0,0,0,0,0,0,0,0,0,0,0,0,0,0,0,0,0,0,0,0,0,0,0,0,0,0,0,0,0,0,0,0,0,0,0,0,0,0,0,0,0,0,0,0,0,0,0,0,0,0,0,0,0,72457040,0,0.3,578,69589424,21600750,0.04,0.35,0.26,3.64,6
,,1,2023-04-25T12:20:33.674058896Z,2023-04-25T14:00:33.674058896Z,2023-04-25T13:52:39Z,sdgp,host,11383732,23364871,581810487,0,0,0,3.06,6.93,10.48,5.94,0,0,0,0,0,0,0,0,0,0,0,0,0,0,0,0,0,0,12.12,11,16.67,7.07,12.12,15.15,14.85,17,0,0,0,0,0,0,0,0,0,0,0,0,0,0,0,0,0,0,0,0,0,0,0,0,0,0,0,0,0,0,0,0,0,0,0,0,0,0,0,0,0,0,0,0,0,0,0,0,0,0,0,0,0,0,0,0,0,0,0,0,0,0.99,1,1.96,0,0,0,0,0,0,0,0,0,0,0,0,0,0,0,0,0,0,0,0,0,0,0,0,0,0,0,6,5,1.05,3.12,3082269538,45,2,1838,3060003204,1733480574,0.04,0.35,0.26,3.72,22787
,,1,2023-04-25T12:20:33.674058896Z,2023-04-25T14:00:33.674058896Z,2023-04-25T13:52:45Z,sdgp,host,11374300,23465078,582792511,0,0,0,5.05,7.84,6.8,3.96,0,0,0,0,0,0,0,0,0,0,0,0,0,0,0,0,0,0,18,13.46,8.91,11.22,8.08,4.17,16,4.08,0,0,0,0,0,0,0,0,0,0,0,0,0,0,0,0,0,0,0,0,0,0,0,0,0,0,0,0,0,0,0,0,0,0,0,0,0,0,0,0,0,0,0,0,0,0,0,0,0,0,0,0,0,0,0,0,0,0,0,0,0,0,0,0,0,0,0,0,0,0,0,0,0,0,0,0,0,0,0,0,0,0,0,0,0,0,0,0,0,0,0,3.03,4.85,11.22,0,3107153370,48,1.1,1931,3102062953,1729189239,0.27,0.37,0.31,3.71,24038
,,1,2023-04-25T12:20:33.674058896Z,2023-04-25T14:00:33.674058896Z,2023-04-25T13:52:50Z,sdgp,host,11649586,23630535,592195070,0,0,0,16,10.31,15.69,12.87,0,0,0,0,0,0,0,0,0,0,0,0,0,0,0,0,0,0,0,0,0,0,1,0,0,0.99,0,0,0,0,0,0,0,0,0,0,0,0,0,0,0,0,0,0,1,0,0,0,0,0,0,0,0,0,0,0,0,0,0,0,0,0,0,0,0,0,0,0,0,0,0,0,0,0,0,0,0,0,0,0,0,0,0,0,0,0,0,0,0,0,0,0,0,0,0,0,0,0,0,0,0,0,0,0,0,0,0,0,0,0,0,0,0,0,0,0,0,18.75,9.28,17.65,23.3,3065788594,44,1.3,1864,3059745899,1781238144,0.41,0.38,0.33,3.69,23076
,,1,2023-04-25T12:20:33.674058896Z,2023-04-25T14:00:33.674058896Z,2023-04-25T13:52:56Z,sdgp,host,9249816,5340165,1661715175,0,0,0,8.82,1.98,2.97,6,0,0,0,0,0,0,0,0,0,0,0,0,0,0,0,0,0,0,0,12.87,0,0,0,1,1,0.99,0,0,0,0,0,0,0,0,0,0,0,0,0,0,0,0,0,0,0,0,0,0,0,0,0,0,0,0,0,0,0,0,0,0,0,0,0,0,0,0,0,0,0,0,0,0,0,0,0,0,0,0,0,0,0,0,0,0,0,0,0,0,0.99,0,0,0,0,0,0,0,0,0,0,0,0,0,0,0,0,0,0,0,0,0,0,0,0,0,0,0,0,1.01,2,2.02,0,2165397931,0,0.4,302,2160473465,3986434426,0.54,0.39,0.36,3.68,4
,,1,2023-04-25T12:20:33.674058896Z,2023-04-25T14:00:33.674058896Z,2023-04-25T13:53:01Z,sdgp,host,2639649,2767721,464690990,0,0,0,0,0,0,0,0,0,0,0,0,0,0,0,0,0,0,0,0,0,0,0,0,0,0,0,0,0,0,0,100,0,0,0,0,0,0,0,0,0,0,0,0,0,0,0,0,0,0,0,0,0,0,0,0,0,0,0,0,0,0,0,0,0,0,0,0,0,0,0,0,0,0,0,0,0,0,0,0,0,0,0,0,0,0,0,0,0,0,0,0,0,0,0,0,0,0,0,0,0,0,0,0,0,0,0,0,0,0,0,0,0,0,0,0,0,0,0,0,0,0,0,0,0,0,0,0,788711394,1,0.9,981,783307381,1112001481,0.58,0.39,0.37,3.69,725
,,1,2023-04-25T12:20:33.674058896Z,2023-04-25T14:00:33.674058896Z,2023-04-25T13:53:07Z,sdgp,host,14278012,17753360,1998578155,0,0,0,0,0,0,0,0,0,0,0,0,0,0,0,0,0,0,0,0,0,0,0,0,0,0,0,0,0,0,0,38,14,0,0,0,0,0,0,0,0,0,0,0,0,0,0,0,0,0,0,0,0,0,0,0,0,0,0,0,0,0,0,0,0,0,0,0,0,0,0,0,0,0,0,0,0,0,0,0,0,0,0,0,0,0,0,0,0,0,0,0,0,0,0,0,0,0,0,0,0,0,0,0,0,0,0,0,0,0,0,0,0,0,0,0,0,0,0,0,0,0,0,0,0,0,0,0,3589246400,10,1.2,18832,3584105783,4762311343,0.69,0.4,0.4,3.69,126
,,1,2023-04-25T12:20:33.674058896Z,2023-04-25T14:00:33.674058896Z,2023-04-25T13:53:12Z,sdgp,host,581923,1108466,46453709,0,0,0,0,0,0,0,0,0,0,0,0,0,0,0,0,0,0,0,0,0,0,0,0,0,0,0,0,0,0,0,0,0,0,0,0,0,0,0,0,0,0,0,0,0,0,0,0,0,0,0,0,0,0,0,0,0,0,0,0,0,0,0,0,0,0,0,0,0,0,0,0,0,0,0,0,0,0,0,0,0,0,0,0,0,0,0,0,0,0,0,0,0,0,0,0,0,0,0,0,0,0,0,0,0,0,0,0,0,0,0,0,0,0,0,0,0,0,0,0,0,0,0,0,0,0,0,0,226571983,0,0.4,617,224293168,111762721,0.72,0.4,0.41,3.68,514
,,1,2023-04-25T12:20:33.674058896Z,2023-04-25T14:00:33.674058896Z,2023-04-25T13:53:18Z,sdgp,host,539202,1027319,39419294,0,0,6,0,0,2.97,1,0,0,0,0,0,0,0,0,0,0,0,0,0,0,0,0,0,0,0,0,0,0,0,0,0,0,0,0,32.65,0,0,0,0,0,0,0,0,0,0,0,0,0,0,0,0,0,0,0,0,0,0,0,0,0,0,0,0,0,0,0,0,0,0,0,0,0,0,0,0,0,0,0,0,0,0,0,0,0,0,0,0,0,0,1,0,0,0,0,0.99,0,0,0,0,0,0,0,0,0,0,0,0,0,0,0,0,0,0,0,0,0,19,0,0,0,0,0,0,0,0.99,0,0,185026191,0,0.3,838,182959866,88635835,0.74,0.4,0.42,3.68,525
,,1,2023-04-25T12:20:33.674058896Z,2023-04-25T14:00:33.674058896Z,2023-04-25T13:53:23Z,sdgp,host,512610,975432,38449560,0,0,0,0,0,0,0,0,0,0,0,0,0,0,0,0,0,0,0,0,0,0,0,0,0,0,0,0,0,0,0,0,0,0,0,0,0,0,0,0,0,0,0,0,0,0,0,0,0,0,0,0,0,0,0,0,0,0,0,0,0,0,0,0,0,0,0,0,2,0,0,0,0,0,0,0,0,0,0,0,0,0,0,0,0,0,0,0,0,0,0,0,1.98,0,2,0,0,0,0,0,0,0,0,0,0,0,0,0,0,0,0,0,0,0,0,0,0,0,0,0,0,0,0,0,0,0,0,0,169908110,0,0.3,617,167266029,86037878,0.78,0.41,0.44,3.68,521
,,1,2023-04-25T12:20:33.674058896Z,2023-04-25T14:00:33.674058896Z,2023-04-25T13:53:29Z,sdgp,host,120681,394348,9008630,0,0,0.99,0,0,0,0,0,0,0,0,0,0,0,0,0,0,0,0,0,0,0,0,0,0,0,0,0,0,0,0,0,0,0,0,0,0,0,0,0,0,0,0,0,0,0,0,0,0,0,0,0,0,0,0,0,0,0,0,0,0,0,0,0,0,0,0,0,0,0,0,0,0,0,0,0,0,0,0,0,0,0,0,0,0,0,0,0,0,0,0,0,0,0,0,0,0,0,0,0,3.92,0,1.01,0,0,0,0,0,0,0,0,0,0,0,0,0,0,0,0,0,0,0,0,0,0,0,0,0,68093873,0,0.5,323,65996891,20815600,0.8,0.41,0.45,3.68,4
,,1,2023-04-25T12:20:33.674058896Z,2023-04-25T14:00:33.674058896Z,2023-04-25T13:53:34Z,sdgp,host,4458587,6949445,667964264,0,0,0,0,0,0,0,100,0,0,0,0,0,0,0,0,0,0,0,0,0,0,0,0,0,0,0,0,0,0,0,0,0,0,0,0,0,0,0,0,0,0,0,0,0,0,0,0,0,0,0,0,0,0,0,0,0,0,0,0,0,0,0,0,0,0,0,0,0,0,0,0,0,0,0,0,0,0,0,0,0,0,0,0,0,0,0,0,0,0,0,0,0,0,0,0.99,0,0,0.99,0,0,0,0,0,0,0,0,0,0,0,0,0,0,0,0,0,0,0,0,0,0,0,0,0,0,0,0,0,1064195334,2,1.1,1092,1062261755,1589505985,0.81,0.42,0.46,3.69,800
,,1,2023-04-25T12:20:33.674058896Z,2023-04-25T14:00:33.674058896Z,2023-04-25T13:53:40Z,sdgp,host,9627746,10310357,1559647131,0,0,0,0,0,0,0,0,46,0,0,0,0,0,0,0,0,0,0,0,0,0,0,0,0,0,0,0,0,0,0,0,0,0,0,0,0,0,0,0,0,0,0,0,0,0,0.99,0,0,0,0.99,0,0,0,0,0,0,0,0,0,0,0,0,0,0,0,0,0,0,0,0,0,0,0,0,0,0,0,0,0,0,0,0,0,0,0,0,0,0,0,0,0,0,0,0,0,0,0,0,0,0,0,0,0,0,0.99,0,0,0,0,0,0,0,0,0,0,0,0,0,0,0,0,0,0,0,0,0,0,2270921184,2,1.1,567,2263766420,3743235859,0.75,0.42,0.45,3.68,2630
,,1,2023-04-25T12:20:33.674058896Z,2023-04-25T14:00:33.674058896Z,2023-04-25T13:53:45Z,sdgp,host,5358811,3089552,907039755,0,0,0,0,0,0,0,0,0.99,6.12,0,84,0,0,0,0,0,0,0,0,0,0,0,0,0,0,0,0,0,0,0,0,0,0,0,0,0,0,0,0,0,0,0,0,0,0,0,0,0,0,0,0,0,0,0,0,0,0,0,0,0,0,0,0,0,0,0,0,0,0,0,0,0,0,0,0,0,0,0,0,0,0,0,0,0,0,0,0,0,0,0,0,0,0,0,0,0,0,0,0,0,0,0,0,0,0,0,0,0,0,0,0,0,0,0,0,0,0,0,0,0,0,0,0,0,0,0,0,1255637770,1,0.3,546,1241880305,2185390977,0.77,0.42,0.46,3.69,5
,,1,2023-04-25T12:20:33.674058896Z,2023-04-25T14:00:33.674058896Z,2023-04-25T13:53:51Z,sdgp,host,7327531,8445093,1183620982,0,0,0,0,0,0,0,0,0,0,0,0,0,0,0,0,0,0,0,0,0,0,0,0,0,0,0,0,0,0,0,0,0,0,0,0,0,0,0,0,0,0,0,0,0,0,0.99,0,0,0,0.99,0,0,0,0,0,0,0,0,0,0,0,0,0.99,0,0,0,0,0,0,0.99,0,0,0,0,0,0,0,0,0,0,0,0,0,0,0,0,0,0,0,0,0,0,0,0,0.99,0,0,0,0,0,0,0,0,0.99,0,0,0,0,0,0,0,0,0,0,0,0,0,0.99,0,0,0,18,0,70.71,0,0,0,1711604804,3,1.1,674,1719709749,2827245099,0.79,0.42,0.47,3.69,803
,,1,2023-04-25T12:20:33.674058896Z,2023-04-25T14:00:33.674058896Z,2023-04-25T13:53:56Z,sdgp,host,8421750,7986113,1310732309,0,0,0,0,0,12,0,0,0,0,0,0,0,0.99,0,0,0,0,0,0,0,0,0,0,0,0,0,0,0,0,0,0,0,0,0,0,0,0,0,0,0,0,0,0,0,0,0,0,0,0,0,0,0,0,0,0,0,0,0,0,0,0,0,0,0,0,0,0,0,0,0,0,0,0,0,0,0,0,0,0,0,0,0,0,0,0,0,0,0,0,0,0,0,0,0,0,0,0,0,0,0,0,0,0,0,0,0,0,0,0,0,0,0,0,0,0,0,0,0,0,0,0,0,0,68,0,0,0,2133880868,1,0.3,5234,2132879942,3145928536,0.8,0.43,0.48,3.7,6
,,1,2023-04-25T12:20:33.674058896Z,2023-04-25T14:00:33.674058896Z,2023-04-25T13:54:02Z,sdgp,host,3312042,6620230,443481473,0,0,0,0,0,0,0,0,0,0,0,0,0,0,0,0,0,0.99,0,0,0,0,0,0,0,0,0,0,0,0,0,0,0,0,0,0,0,0,0,0,0,0,0,0,0,0,0.99,0,0,0,0,0,0,0,0,0,0,0,0,0,0,0,0,0,0,0,0,0,0,0,0,0,0,0,0,0,0,0,0,0,0,0,0,0,0,0,0,0,0,0,0,0,0,0,0,0,0,0,0,0,1.96,0,0,0,0.99,0,0,0,0,0,0,0,0,0,0,0,0,0,0,0,0,0,0,0,100,0,0,0,863120017,0,1.1,1124,858827748,1072901752,0.82,0.43,0.49,3.69,1237
,,1,2023-04-25T12:20:33.674058896Z,2023-04-25T14:00:33.674058896Z,2023-04-25T13:54:07Z,sdgp,host,13315376,17120076,1912400741,0,0,0,18.18,0,3,0,0,0,0,0,0,0,0,0,0,0,0,0,0,0,0,0,0,0,0,0,0,0,0,0,0,0,0,0,0,0,0,0,0,0,0,0,0,0,0,0,0,0,0,0,0,0,0,0,0,0,0,0,0,0,0,0,0,0,0,0,0,0,0,0,0,0,0,0,0,0,0,0,0,0,0,0,0,0,0,0,0,0,0,0,0,0,0,0,0,0,0,0,0,0,0,0,0,0,0,0,0,0,0,0,0,0,0,0,0,0,1.01,0,0,0,0,0,0,3,3.96,21.21,1.01,3213323711,4,0.9,17813,3194829118,4546040377,0.83,0.43,0.5,3.69,138
,,1,2023-04-25T12:20:33.674058896Z,2023-04-25T14:00:33.674058896Z,2023-04-25T13:54:12Z,sdgp,host,9062378,6329826,1640859317,0,0,0,0,0,0,0,6.86,2.02,2.02,1,0,40,0,0,1.98,0,0,0,0,0,0,0,0,0,0,0,0,0,0,0,0,0,0,0,0,0,0,0,0.99,0,0,0,0,0,0,0,0,0,0,0,0,0,0,0,0.99,0,0,0,0,0,0,0,0.99,0,0,0,0.99,2,0,0.99,0,0,0,0,0,0,0,0,0,0,0,0,0,0,0,0,0,0,0,0,0,0,0,0,0,0,0,0,0,0,0,0,0,0,1.96,0,0,0,0,0,0,0,0,0,9.8,8,0,7,11,16.83,12.12,13.86,9.09,0,0,0,0,2172202257,0,1.7,315,2156919524,3948096846,0.85,0.44,0.51,3.73,6
,,1,2023-04-25T12:20:33.674058896Z,2023-04-25T14:00:33.674058896Z,2023-04-25T13:54:18Z,sdgp,host,1728590,2445483,333120019,0,0,6.06,0,0,0,0,0,0,0,0,0,0,0,0,0,0,0,0,0,0,0,0,0,0,0,0,0,0,0,0,0,0,0,0,36,0,0,0,0,0,0,0,0,0,0,0,0,0,0,0,0,0,0,0,0,0,0,0,0,0,0,0,0,0,0,0,0,0,0,0.99,0,0,0,0,0,0,0,0,0,0,0,0,0,0,0,0,0,0,54,0,0,0,0,0,0,0,0,0,0,0,0,0,0,0,0,14.43,0,0,0,0,0,0,0,0,24,0,2,0,0,0,0,0,0,22,0,0,0,576470583,5,1.1,1069,571724479,785058664,1.26,0.47,0.6,3.73,968
,,1,2023-04-25T12:20:33.674058896Z,2023-04-25T14:00:33.674058896Z,2023-04-25T13:54:23Z,sdgp,host,9242593,5285758,1662006340,0,0,0,0,0,0,0,0,0,0,0,0,0,0,0,0,0,0,0,0,0,0,0,0,0,0,0,0,0,0,0,0,0,0,0,0,0,0,0,0,0,0,0,0,0,0,0.99,0,0,0,0.99,0,0,0,0,0,0,0,0,0,0,0,0,0.99,0,0,0,0,0,0,0,0,0,0,0,0,0,0,0,0,0,0,0,0,0,0,0,0,0,0,0,0,0,1,32.67,0,33,0,0,0,0,0,0,0,0,0.99,0,0,0,0,0,0,0,0,0,0,0,0,0,0,0,0,0,0,0,0,0,0,2164952430,0,1.1,312,2160331833,3982035744,1.29,0.48,0.63,3.74,4
,,1,2023-04-25T12:20:33.674058896Z,2023-04-25T14:00:33.674058896Z,2023-04-25T13:54:29Z,sdgp,host,4020278,6357826,651819522,0,0,0,0,0,0,0,0,0,0,0,0,0,0,0,0,0,0,0,0,0,0,0,0,0,0,0,0,0,0,0,0,0,0,0,0,0,0,0,0,0,0,0,0,0,0,0,0,0,0,0,0,0,0,0,0,0,0,0,0,0,0,0,0,0,0,0,0,0,0,0,0,0,0,0,0,0,0,0,0,0,0,0,0,0,0,0,0,0,0,0,0,0,0,0,0,0,0,0,0,0,0,0,0,0,0,0,0,0,0,0,0,0,0,0,0,0,0,0,0,0,0,0,100,0,0,0,0,1069544023,1,0.9,811,1065627288,1570431384,1.27,0.48,0.63,3.74,949
,,1,2023-04-25T12:20:33.674058896Z,2023-04-25T14:00:33.674058896Z,2023-04-25T13:54:34Z,sdgp,host,9250132,5824511,1655529960,0,0,0,0,0,0,0,0,0,0,0,0,0,0,0,0,0,0,0,0,0,0,0,0,0,0,0,0,0,0,0,0,0,0,0,0,0,0,0,0,0,0,0,0,0,0,0,0,0,0,0,0,0,0,0,0,0,0,0,0,0,0,0,0,0,0,0,0,0,0,0,0,0,0,0,0,0,0,0,0,0,0,0,0,0,0,0,0,0,0,0,0,0,0,0,0,0,0,0,0,0,0,0,0,0,0,0,0,0,0,0,0,0,0,0,0,0,0,0.99,0,16.16,0,48,0,0,0,0,0,2169503079,0,1.2,314,2162647674,3969445314,1.25,0.48,0.64,3.74,6
,,1,2023-04-25T12:20:33.674058896Z,2023-04-25T14:00:33.674058896Z,2023-04-25T13:54:40Z,sdgp,host,1812452,2531474,284144194,0,0,0,0,0,100,0,0,0,0,0,0,0,0,0,0,0,0,0,0,0,0,0,0,0,0,0,0,0,0,0,0,0,0,0,0,0,0,0,0,0,0,0,0,0,0,0,0,0,0,0,0,0,0,0,0,0,0,0,0,0,0,0,0,0,0,0,0,0,0,0,0,0,0,0,0,0,0,0,0,0,0,0,0,0,0,0,0,0,0,0,0,0,0,0,0,0,0,0,0,0,0,0,0,0,0,0,0,0,0,0,0,0,0,0,0,0,0,0,0,0,0,0,0,0,0,0,0,551308608,1,1,839,546950578,678344774,1.23,0.49,0.65,3.73,1350
,,1,2023-04-25T12:20:33.674058896Z,2023-04-25T14:00:33.674058896Z,2023-04-25T13:54:45Z,sdgp,host,9266595,5332800,1659780865,0,0,0,0,0,22,0,0,0,0,0,0,0,0,0,0,0,0,0,0,0,0,0,0,0,0,0,0,0,0,0,0,0,0,0,0,0,0,0,0,0,0,0,0,0,0,0,0,0,0,0,0,0,0,0,0,0,0,0,0,0,0,0,0,0,0,0,0,0,0,0,0,0,0,0,0,0,0,0,0,0,0,0,0,0,0,0,0,0,0,0,0,0,0,0,0,0,0,0,0,0,0,0,0,0,0,0,0,0,0,0,0,0,0,0,0,0,0,0,0,0,0,0,0,37,0,0,0,2183338041,0,1.1,613,2177399801,3980239016,1.21,0.49,0.65,3.73,4
,,1,2023-04-25T12:20:33.674058896Z,2023-04-25T14:00:33.674058896Z,2023-04-25T13:54:51Z,sdgp,host,2912634,1942484,503697475,0,0,0,0,0,0,0,0,0,0,0,0,0,0,0,0,0,0,0,0,0,0,0,0,0,0,0,0,0,0,0,0,0,0,0,0,0,0,0,0,0,0,0,0,0,0,0,0,0,0,0,0,0,0,0,0,0,0,0,0,0,0,0,0,0,0,0,0,0,0,0,0,0,0,0,0,0,0,0,0,0,0,0,0,0,0,0,0,0,0,0,0,0,0,0,0,0,0,0,0,0,0,0,0,0,0.99,0,0,0,0,0,0,0,0,0,0,0,0,0,0,0,0,0,0,0,0,0,100,740717090,1,0.7,634,727627664,1219988631,1.11,0.49,0.64,3.73,5
,,1,2023-04-25T12:20:33.674058896Z,2023-04-25T14:00:33.674058896Z,2023-04-25T13:54:56Z,sdgp,host,11797417,18301403,1618095689,0,0,0,0,0,0,0,0,0,0,0,0,0,0,0,0,0,0,0,0,0,0,0,0,0,0,0,0,0,0,0,0,0,0,0,0,0,0,0,0,0,0,0,0,0,0,0,0,0,0,0,0,0,0,0,0,0,0,0,0,0,0,0,0,0,0,0,0,0,0,0,0,0,0,0,0,0,0,0,0,0,0,0,0,0,0,0,0,0,0,0,0,0,0,0,0,0,0,0,0,0,0,0,0,0.99,0,0,0,0,0,0,0,0,0,0,0,0,0,0,0,0,0,0,0,73.74,0,0,0,2985812174,1,1.1,16201,3001963793,3822874919,1.18,0.49,0.66,3.72,949
,,1,2023-04-25T12:20:33.674058896Z,2023-04-25T14:00:33.674058896Z,2023-04-25T13:55:02Z,sdgp,host,12124783,15817526,1447131395,0,0,0,0,0,4,0,0,0,0,0,0,0,0,0,0,0,0,0,0,0,0,0,0,0,0,0,0,0,0,0,0,0,0,0,0,0,0,0,0,0,0,0,0,0,0,0,0,0,0,0,0,0,0,0,0,0,0,0,0,0,0,0,0,0,0,0,0,0,0,0,0,0,0,0,0,0,0,0,0,0,0,0,0,0,0,0,0,0,0,0,0,0,0,0,0,0,0,0,0,0,0,0,0,0,0,0,0,0,0,0,0,0,0,0,0,0,0,0,0,0,0,0,0,0,0,0.99,73,3247381999,15,0.3,2600,3248111847,3647115270,1.17,0.5,0.67,3.73,11347
,,1,2023-04-25T12:20:33.674058896Z,2023-04-25T14:00:33.674058896Z,2023-04-25T13:55:07Z,sdgp,host,20720751,27298577,1840611401,0,0,0,0,0,0,0,0,0,0,0,0,0,0,0,0,0,0,0,0,0,0,0,0,0,0,0,0,0,0,0,0,0,0,0,0,0,0,0,0,0,0,0,0,0,0,0,0,0,0,0,0,0,0,0,0,0,100,0,0,0,0,0,6,0,0,0,0,0,7,2,0,0,0,0,0,0,0,0,0,0,0,0,0,0,0,0,0,0,0,0,0,0,0,0,0.99,0,89,0,0,0,0,0,0,0,0,7,0,0,0,0,0,0,0,0,11,0,9,0,0,0,0,0,0,0,0,0,0,3471585726,7,1.9,5836,3460368275,4771306664,1.16,0.5,0.68,3.65,1507
,,1,2023-04-25T12:20:33.674058896Z,2023-04-25T14:00:33.674058896Z,2023-04-25T13:55:13Z,sdgp,host,9400671,5563085,1662160154,0,0,0,0,0,0,0,0,0,0,0,0,0,0,0,0,0,0,0,0,0,0,0,0,0,0,0,0,0,0,0,0,0,0,0,0,0,0,0,0,0,0,0,0,0,0,0,0,0,0,0,0,0,0,0,0,0,0,0,0,0,0,0,0,0,0.99,0,0,2,0,0,0,0,0,0,0,0,0,0,0,0,0,0,0,0,0,0,0,0,0,0,0,0,0,0,0,0,0,0,0,0,0,0,0,0,0,0,0,0,0,0,0,0,0,0,0,16,0,0,0,0.99,0,30,0,0,0,0,0,2171592643,0,1.1,344,2166604119,3985919431,1.3,0.51,0.71,3.64,7
,,1,2023-04-25T12:20:33.674058896Z,2023-04-25T14:00:33.674058896Z,2023-04-25T13:55:18Z,sdgp,host,4126495,4630626,620813422,0,0,0,0,0,0,0,0,0,0,0,0,0,0,0,0,0,0,0,0,0,0,0,0,0,0,0,0,0,0,0,0,0,0,0,0,0,0,0,0,0,0,0,0,0,0,0,0,0,0,0,0,0,0,0,0,0,0,0,0,0,0,0,0,0,0,0,0,0,0,0,0,0,0,0,0,0,0,0,0,0,0,0,0,0,0,0,0,0,0,1,0,0,0,0,0,0,0,0,0,0,0,0,0,0,0,12.87,0,0,0,0,0,0,0,0,0,0,19.79,0,0,0,0,11,0,89,0,0,0,1108839667,13,1.1,1247,1103881774,1472302969,1.28,0.52,0.72,3.64,3631
,,1,2023-04-25T12:20:33.674058896Z,2023-04-25T14:00:33.674058896Z,2023-04-25T13:55:24Z,sdgp,host,9455379,11695648,1499458248,0,0,0,0,0,0,0,0,0,0,0,0,0,0,0,0,0,0,0,0,0,0,0,0,0,0,0,0,0,0,0,0,0,0,0,0,0,0,0,0,0,0,0,0,0,0,0,0,0,0,0,0,0.99,0,0,0,0,0,0,0,0,0,0,0,0,0,0,0,0,0,0,0,0,0,0,0,0,0,0,0,0,0,0,0,0,0,0,0,0,0,0,0,0,0,0,0,0,0,0,0,0,0.99,0,0,0,0,0,0,0,0,0,0,0,0,0,54,0,0,0,0,0,0,0,0,0,0,0,0,2275878219,15,1.2,688,2283070297,3572327099,1.46,0.54,0.78,3.63,3708
,,1,2023-04-25T12:20:33.674058896Z,2023-04-25T14:00:33.674058896Z,2023-04-25T13:55:29Z,sdgp,host,5220619,3118693,894111463,0,0,0,0,0,0,0,0,0.99,0,0,0,0,0,0.99,1,10.89,0,0,0,0,0,0,0,0,0,0,0,0,0,0,0,0,0,0,0,0,0,0,0,0,0,0,0,0,0,0,0,0,0,0,0,0,0,0,0,0,0,0,0,0,0,0,0,0,0,0,0,0,0,0,0,0,0,0,0,0,0,0,0,0,0,0,0,0,0,0,0,0,0,0,0,0,0,0,0,0,0,0,0,0,0,0,0,0,0,0,0,0,0,0,0,0,0,0,0,0,0,0,1,86.87,1.98,1,0,0,0,0,0,1239890921,0,0.4,523,1225505070,2155080085,1.58,0.55,0.81,3.63,5
,,1,2023-04-25T12:20:33.674058896Z,2023-04-25T14:00:33.674058896Z,2023-04-25T13:55:35Z,sdgp,host,3986977,9429195,305853904,0,0,0,0,0,0,0,0,0,0,0,0,0,0,0,0,0,0,0,0,0,0,0,0,0,0,0,0,0,0,0,0,0,0,0,0,0,0,0,0,0,0,0,0,0,0,0.99,0,0,0,0,0,0,0.99,0,0,0,0,0,0,0,0,0,0,0,0.99,0,0,0,0,0,0,0,0,0,0,0,0,0,0,0,0,0,0,0,0.99,0,0,0,0,0,0,0,0,0,0,0,0,0,0,0,0,0,0,0,0,0,62,0,0,0,0,0,0,0,0,0,0,0,0,0,0,0,0,0,0,0,0,1322380145,27,1.2,1195,1320251681,719566330,1.53,0.56,0.82,3.62,10915
,,1,2023-04-25T12:20:33.674058896Z,2023-04-25T14:00:33.674058896Z,2023-04-25T13:55:40Z,sdgp,host,124812,399309,8720104,0,0,0,0,0,0,0,0,0,0,0,0,0,0,0,0,0,0,0,0,0,0,0,0,0,0,0,0,0,0,0,0,0,0,0,0,0,0,0,0,0,0,0,0,0,0,0,0,0,0,0,0,0,0,0,0,0,0,0,0,0,0,0,0,0,0,0,0,0,0,0,0,0,0,0,0,0,0,0,0,0,0,0,0,0,0,0,0,0,0,0,0,0,0,0,0,0,0,0,0,0,0,0,0,0,0,0,0,0,0,0,0,0,0,0,0,0,0,0,0,0,0,0,0,0,0,0,0,70898279,0,0.3,314,68114055,20339019,1.57,0.56,0.84,3.62,5
,,1,2023-04-25T12:20:33.674058896Z,2023-04-25T14:00:33.674058896Z,2023-04-25T13:55:45Z,sdgp,host,161248,545608,10831197,0,0,0,0,0,0,0,0,0,0,0,0,0,0,0,0,0,0,0,0,0,0,0,0,0,0,0,0,0,0,0,0,0,0,0,0,0,0,0,0,0,0,0,0,0,0,0,0,0,0,0,0,0,0,0,0,0,0,0,0,0,0,0,0,0,0,0,0,0,0,0,0,0,0,0,0,0,0,0,0,0,0,0,0,0,0,0,0,0,0,0,0,0,0,0,0,0,0,0,0.99,0,0,0,0,0,0,0,0,0,0,0,0,0,0,0,0,0,0,0,0,0,0,0,0,0,0,0,0,83586245,0,0.3,619,81765795,24638953,1.45,0.56,0.82,3.63,4
,,1,2023-04-25T12:20:33.674058896Z,2023-04-25T14:00:33.674058896Z,2023-04-25T13:55:51Z,sdgp,host,115278,377406,8400919,0,0,0,0,0,0,0,0,0,0,0,0,0,0,0,0,0,0,0,0,0,0,0,0,0,0,0,0,0,0,0,0,0,0,0,0,0,0,0,0,0,0,0,0,0,0,0,0,0,0,0,0,0,0,0,0,0,0,0,0,0,0,0,0,0,0,0,0,0,0,0,0,0,0,0,0,0,0,0,0,0,0,0,0,0,0,0,0,0,0,0,0,0,0,0,0,0,0,0,0,0,0,0,0,0,0,0,0,0,0,0,0,0,0,0,0,0,0,0,0,0,0,0,0,0,0,0,0,60468614,0,0.3,281,58383946,19171039,1.41,0.56,0.83,3.63,4
,,1,2023-04-25T12:20:33.674058896Z,2023-04-25T14:00:33.674058896Z,2023-04-25T13:55:56Z,sdgp,host,5258809,12995848,351581439,0,0,0,0,0,0,0,0,0,0,0,0,0,0,0,0,0,0,0,0,0,0,0,0,0,0,0,0,0,0,0,0,0,0,0,0,0,0,0,0,0,0,0,0,0,0,0,0,0,0,0,0,0,0,0,0,0,0,0,0,0,0,0,0,0,0,0,0,0,0,0,0,0,0,0,0,0,0,0,0,0,0,0,0,0,0,0,0,0,0,0,0,0,0,0,0,0,0,0,0,0,0,0,0,0,0,0,0,0,0,0,0,0,0,0,0,0,0,0,0,0,0,0,0,0,0,0,0,1443117325,0,0.4,19193,1439504392,813808803,1.3,0.56,0.81,3.63,42
,,1,2023-04-25T12:20:33.674058896Z,2023-04-25T14:00:33.674058896Z,2023-04-25T13:56:02Z,sdgp,host,153170,550278,15823525,0,0,0,0,0,0,0,0,0,0,0,0,0,0,0,0,0,0,0,0,0,0,0,0,0,0,0,0,0,0,0,0,0,0,0,0,0,0,0,0,0,0,0,0,0,0,0,0,0,0,0,0,0,0,0,0,0,0,0,0,0,0,0,0,0,0,0,0,0,0,0,0,0,0,0,0,0,0,0,0,0,0,0,0,0,0,0,0,0,0,0,0,0,0,0,0,0,0,0,0,0,0,0,0,0,0,0,0,0,0,0,0,0,0,0,0,0,0,0,0,0,0,0,0,0,0,0,0,114069250,0,0.3,568,111378773,41557697,1.27,0.56,0.82,3.63,8
,,1,2023-04-25T12:20:33.674058896Z,2023-04-25T14:00:33.674058896Z,2023-04-25T13:56:07Z,sdgp,host,119095,407139,9189182,0,0,0,0,0,0,0,0,0,0,0,0,0,1.98,0,0,0,0,0,0,0,0,0,0,6,0,0,0,0,0,0,0,0,0,0,0,0,0,0,0,0,0,0,0,0,0,0,0,0,0,0,0,0,0,0,0,0,0,0,0,0,0,0,0,0,0,0,0,0,0,0,0,0,0,0,0,0,0,0,0,0,0,0,0,0,0,0,0,0,0,0,0,0,0,0,0,0,0,0,0,0,0,0,0,0,0,16,0,0,0,0,0,0,0,0,0,0,24.49,0,0,0,0,0,0,0,0,0,0,86275725,0,0.4,311,72015303,24044359,1.17,0.56,0.8,3.63,5
,,1,2023-04-25T12:20:33.674058896Z,2023-04-25T14:00:33.674058896Z,2023-04-25T13:56:13Z,sdgp,host,115487,432745,9044033,0,0,0,0,0,0,0,0,0,0,0,0,0,0,0,0,0,0,0,0,0,0,0,0,0,0,0,0,0,0,0,0,0,0,0,0,0,0,0,0,0,0,0,0,0,0,0,0,0,0,0,0,0,0,0,0,0,0,0,0,0,0,0,0,0,0,0,0,2,0,0,0,0,0,0,0,0,0,0,0,0,0,0,0,0,0,0,0,0,0,0,0,0,0,0,0,0,0,0,0,0,0.99,0,0,0,0,0,0,0,0,0,0,0,0,0,0,0,0,0,0,0,0,0,0,0,0,0,0,69136851,0,0.3,292,67157680,21332251,1.16,0.56,0.81,3.63,4
,,1,2023-04-25T12:20:33.674058896Z,2023-04-25T14:00:33.674058896Z,2023-04-25T13:56:18Z,sdgp,host,124929,393303,8986389,0,0,0.99,0,0,0,0,0,0,0,0,0,0,0,0,0,0,0,0,0,0,0,0,0,0,0,0,0,0,0,0,0,0,0,0,15.69,0,0,0,0,0,0,0,0,0,0,0,0,0,0,0,0,0,0,0,0,0,0,0,0,0,0,0,0,0,0,0,0,0,0,0,0,0,0,0,0,0,0,0,0,0,0,0,0,0,0,0,0,0,0,0,0,0,0,0,0,0,0,0,0,0,0,0,0.99,0,0,0,0,0,0,0,0,0,0,0,0,0,3.03,0,0,0.99,0,0,0,0,0,0,0,66513242,0,1.3,306,64820493,20224930,1.06,0.56,0.8,3.63,5
,,1,2023-04-25T12:20:33.674058896Z,2023-04-25T14:00:33.674058896Z,2023-04-25T13:56:24Z,sdgp,host,118413,392164,8660805,0,0,0,0,0,0,0,0,0,0,0,0,0,0,0,0,0,0,0,0,0,0,0,0,0,0,0,0,0,0,0,0,0,0,0,0,0,0,0,0,0,0,0,0,0,0,0,0,0,0,0,0,0,0,0,0,0,0,0,0,0,0,0,0,0,0,0,0,0,0,0,0,0,0,0,0,0,0,0,0,0,0,0,0,0,0,0,0,0,0,0,0,0,0,0,0,0,0,0,0,0,0,0,0,0,0,0,0,0,0,0,0,0,0,0,0,0,0,0,0,0,0,0,0,0,0,0,0,62829939,0,0.3,306,60463287,19571674,0.97,0.56,0.78,3.63,4
,,1,2023-04-25T12:20:33.674058896Z,2023-04-25T14:00:33.674058896Z,2023-04-25T13:56:29Z,sdgp,host,129733,420305,9216124,0,0,0,0,0,0,0,0,0,0,0,0,0,0,0,0,0,0,0,0,0,0,0,0,0,0,0,0,0,0,0,0,0,0,0,0,0,0,0,0,0,0,0,0,0,0,0,0,0,0,0,0,0,0,0,0,0,0,0,0,0,0,0,0,0,0,0,0,0,0,0,0,0,0,0,0,0,0,0,0,0,0,0,0,0,0,0,0,0,0,0,0,0,0,0,0,0,0,0,0,0,0,0,0,0,0,0,0,0,0,0,0,0,0,0,0,0,0,0,0,0,0,0,0,0,0,0,0,70853175,0,0.4,544,69035454,20860042,0.98,0.56,0.79,3.64,4
,,1,2023-04-25T12:20:33.674058896Z,2023-04-25T14:00:33.674058896Z,2023-04-25T13:56:35Z,sdgp,host,120374,392176,8779828,0,0,0,0,0,0,0,0,0,0,0,0,0,0,0,0,0,0,0,0,0,0,0,0,0,0,0,0,0,0,0,0,0,0,0,0,0,0,0,0,0,0,0,0,0,0,0,0,0,0,0,0,0,0,0,0,0,0,0,0,0,0,0,0,0,0,0,0,0,0,0,0,0,0,0,0,0,0,0,0,0,0,0,0,0,0,0,0,0,0,0,0,0,0,0,0,0,0,0,0,0,0,0,0,0,0,0,0,0,0,0,0,0,0,0,0,0,0,0,0,0,0,0,0,0,0,0,0,65402002,0,0.3,306,61857885,19768277,0.9,0.55,0.77,3.63,4
,,1,2023-04-25T12:20:33.674058896Z,2023-04-25T14:00:33.674058896Z,2023-04-25T13:56:40Z,sdgp,host,126883,419634,9322966,0,0,0,0,0,0,0,0,0,0,0,0,0,0,0,0,0,0,0,0,0,0,0,0,0,0,0,0,0,0,0,0,0,0,0,0,0,0,0,0,0,0,0,0,0,0,0,0,0,0,0,0,0,0,0,0,0,0,0,0,0,0,0,0,0,0,0,0,0,0,0,0,0,0,0,0,0,0,0,0,0,0,0,0,0,0,0,0,0,0,0,0,0,0,0,0,0,0,0,0,0,0.99,0,0,0.99,0,0,0,0,0,0,0,0,0,0,0,0,0,0,0,0,0,0,0,0,0,0,0,69233895,0,0.4,348,65845089,20942775,0.91,0.56,0.78,3.64,7
,,1,2023-04-25T12:20:33.674058896Z,2023-04-25T14:00:33.674058896Z,2023-04-25T13:56:46Z,sdgp,host,144182,460428,9784141,0,0,0,0,0,0,0,0,0,0,0,0,0,0,0,0,0,0,0,0,0,0,0,0,0,0,0,0,0,0,0,0,0,0,0,0,0,0,0,0,0,0,0,0,0,0,0,0,0,0,0,0,0,0,0,0,0,0,0,0,0,0,0,0,0,0,0,0,0,0,0,0,0,0,0,0,0,0,0,0,0,0,0,0,0,0,0,0,0,0,0,0,0,0,0,0,0,0,0,0,0,0,0,0,0,0,0,0,0,0,0,0,0,0,0,0,0,0,0,0,0,0,0,0,0,0,0,0,75213495,0,0.3,587,72817450,21965179,0.83,0.55,0.76,3.64,4
,,1,2023-04-25T12:20:33.674058896Z,2023-04-25T14:00:33.674058896Z,2023-04-25T13:56:51Z,sdgp,host,121018,372472,8078335,0,0,0,0,0,0,0,0,0,0,0,0,0,0,0,0,0,0,0,0,0,0,0,0,0,0,0,0,0,0,0,0,0,0,0,0,0,0,0,0,0,0,0,0,0,0,0,0,0,0,0,0,0,0,0,0,0,0,0,0,0,0,0,0,0,0,0,0,0,0,0,0,0,0,0,0,0,0,0,0,0,0,0,0,0,0,0,0,0,0,0,0,0,0,0,0,0,0,0,0,0,0,0,0,0,0,0,0,0,0,0,0,0,0,0,0,0,0,0,0,0,0,0,0,0,0,0,0,60014258,0,0.3,250,57987770,19144910,0.85,0.56,0.77,3.63,4
,,1,2023-04-25T12:20:33.674058896Z,2023-04-25T14:00:33.674058896Z,2023-04-25T13:56:57Z,sdgp,host,5250498,12701475,351324247,0,0,0,0,0,0,0,0,0,0,0,0,0,0,0,0,0,0,0,0,0,0,0,0,0,0,0,0,0,0,0,0,0,0,0,0,0,0,0,0,0,0,0,0,0,0,0,0,0,0,0,0,0,0,0,0,0,0,0,0,0,0,0,0,0,0,0,0,0,0,0,0,0,0,0,0,0,0,0,0,0,0,0,0,0,0,0,0,0,0,0,0,0,0,0,0,0,0,0,0,0,0,0,0,0,0,0,0,0,0,0,0,0,0,0,0,0,0,0,0,0,0,0,0,0,0,0,0,1451102068,1,0.4,19112,1447354973,813126708,0.86,0.56,0.77,3.62,45
,,1,2023-04-25T12:20:33.674058896Z,2023-04-25T14:00:33.674058896Z,2023-04-25T13:57:02Z,sdgp,host,160174,581361,16062506,0,0,0,0,0,0,0,0,0,0,0,0,0,0,0,0,0,0,0,0,0,0,0,0,0,0,0,0,0,0,0,0,0,0.99,0,0,0,0,0,0,0,0,0,0,0,0,0,0,0,0,0,0,0,0,0,0,0,0,0,0,0,0,0,0,0,0,0,0,0,0,0,0,0,0,0,0,0,0,0,0,0,0,0,0,0,0,0,0,0,0,0,0,0,0,0,0,0,0,0,0,0,0,0,0,0,0,0,0,0,0,0,0,0,0,0,0,0,0,0,0,0,0,0,0,0,0,0,0,120282846,0,0.3,565,117533501,41951862,0.87,0.56,0.78,3.62,4
,,1,2023-04-25T12:20:33.674058896Z,2023-04-25T14:00:33.674058896Z,2023-04-25T13:57:08Z,sdgp,host,147892,464984,11003522,0,0,0,0,0,0,0,0,0,0,0,0,0,2,0,0,0,0,0,0,0,0,0,0,6.93,0,0,0,0,0,0,0,0,0,0,32.63,0,0,0,0,0,0,0,0,0,0,0,0,0,0,0,0,0,0,0,0,0,0,0,0,0,0,0,0,0,0,0,0,0,0,0,1,0,0,0,0,0,0,0,0,0,0,0,0,0,0,0,0,0,0,1,0,0,0,0,0,0,0,0,0,0,0,0,0,0,0,17.65,0,0,0,0,0,0,0,0,0,0,0,0,0,0,0,0,0,0,0,0,0,81911635,0,0.4,304,80015632,26721115,0.8,0.56,0.76,3.62,7
,,1,2023-04-25T12:20:33.674058896Z,2023-04-25T14:00:33.674058896Z,2023-04-25T13:57:13Z,sdgp,host,125102,407276,8642476,0,0,0,0,0,0,0,0,0,0,0,0,0,0,0,0,0,0,0,0,0,0,0,0,0,0,0,0,0,0,0,0,0,0,0,0,0,0,0,0,0,0,0,0,0,0,0,0,0,0,0,0,0,0,0,0,0,0,0,0,0,0,0,0,0,0,0,0,2,0,0,0,0,0,0,0,0,0,0,0,0,0,0,0,0,0,0,0,0,0,0,0,0,0,0,0,0,0,0,0,0,0,0,0,0,0,0,0,0,0,0,0,0,0,0,0,0,0,0,0,0,0,0,0,0,0,0,0,67025637,0,0.3,289,63606307,19876722,0.82,0.56,0.77,3.59,6
,,1,2023-04-25T12:20:33.674058896Z,2023-04-25T14:00:33.674058896Z,2023-04-25T13:57:18Z,sdgp,host,120738,389627,8646138,0,0,0,0,0,0,0,0,0,0,0,0,0,0,0,0,0,0,0,0,0,0,0,0,0,0,0,0,0,0,0,0,0,0,0,1.98,0,0,0,0,0,0,0,0,0,0,0,0,0,0,0,0,0,0,0,0,0,0,0,0,0,0,0,0,0,0,0,0,0,0,0,0,0,0,0,0,0,0,0,0,0,0,0,0,0,0,0,0,0,0,0,0,0,0,0,0,0,0,0,0,0,0,0,0,0,0,0,0,0,0,0,0,0,0,0,0,0,0,0,0,0,0,0,0,0,0,0,0,67386000,0,1.2,271,65183705,19347578,0.77,0.56,0.76,3.59,5
,,1,2023-04-25T12:20:33.674058896Z,2023-04-25T14:00:33.674058896Z,2023-04-25T13:57:24Z,sdgp,host,126822,419397,8987452,0,0,0,0,0,0,0,0,0,0,0,0,0,0,0,0,0,0,0,0,0,0,0,0,0,0,0,0,0,0,0,0,0,0,0,0,0,0,0,0,0,0,0,0,0,0,0,0,0,0,0,0,0,0,0,0,0,0,0,0,0,0,0,0,0,0,0,0,0,0,0,0,0,0,0,0,0,0,0,0,0,0,0,0,0,0,0,0,0,0,0,0,0,0,0,0,0,0,0,0,0,0,0,0,0,0,0,0,0,0,0,0,0,0,0,0,0,0,0,0,0,0,0,0,0,0,0,0,64305636,0,0.3,296,62104054,20142694,0.71,0.56,0.75,3.59,4
,,1,2023-04-25T12:20:33.674058896Z,2023-04-25T14:00:33.674058896Z,2023-04-25T13:57:29Z,sdgp,host,142475,462334,9214084,0,0,0,0,0,0,0,0,0,0,0,0,0,0,0,0,0,0,0,0,0,0,0,0,0,0,0,0,0,0,0,0,0,0,0,0,0,0,0,0,0,0,0,0,0,0,0,0,0,0,0,0,0,0,0,0,0,0,0,0,0,0,0,0,0,0,0,0,0,0,0,0,0,0,0,0,0,0,0,0,0,0,0,0,0,0,0,0,0,0,0,0,0,0,0,0,0,0,0,0,0,0,0,0,0,0,0,0,0,0,0,0,0,0,0,0,0,0,0,0,0,0,0,0,0,0,0,0,70313461,0,0.4,510,68330543,21384399,0.81,0.56,0.77,3.59,6
,,1,2023-04-25T12:20:33.674058896Z,2023-04-25T14:00:33.674058896Z,2023-04-25T13:57:35Z,sdgp,host,120967,372847,8349768,0,0,0,0,0,0,0,0,0,0,0,0,0,0,0,0,0,0,0,0,0,0,0,0,0,0,0,0,0,0,0,0,0,0,0,0,0,0,0,0,0,0,0,0,0,0,0,0,0,0,0,0,0,0,0,0,0,0,0,0,0,0,0,0,0,0,0,0,0,0,0,0,0,0,0,0,0,0,0,0,0,0,0,0,0,0,0,0,0,0,0,0,0,0,0,0,0,0,0,0,0,0,0,0,0,0,0,0,0,0,0,0,0,0,0,0,0,0,0,0,0,0,0,0,0,0,0,0,61096906,0,0.3,271,57544680,18903198,0.75,0.56,0.75,3.59,5
,,1,2023-04-25T12:20:33.674058896Z,2023-04-25T14:00:33.674058896Z,2023-04-25T13:57:40Z,sdgp,host,123585,404435,8815554,0,0,0,0,0,0,0,0,0,0,0,0,0,0,0,0,0,0,0,0,0,0,0,0,0,0,0,0,0,0,0,0,0,0,0,0,0,0,0,0,0,0,0,0,0,0,0,0,0,0,0,0,0,0,0,0,0,0,0,0,0,0,0,0,0,0,0,0,0,0,0,0,0,0,0,0,0,0,0,0,0,0,0,0,0,0,0,0,0,0,0,0,0,0,0,0,0,0,0,0,0,0,0,0,0,0,0,0,0,0,0,0,0,0,0,0,0,0,0,0,0,0,0,0,0,0,0,0,63807471,0,0.3,291,61726526,19888678,0.77,0.56,0.76,3.58,6
,,1,2023-04-25T12:20:33.674058896Z,2023-04-25T14:00:33.674058896Z,2023-04-25T13:57:46Z,sdgp,host,146114,487138,10208960,0,0,0,0,0,0,0,0,0,0,0,0,0,0,0,0,0,0,0,0,0,0,0,0,0,0,0,0,0,0,0,0,0,0,0,0,0,0,0,0,0,0,0,0,0,0,0,0,0,0,0,0,0,0,0,0,0,0,0,0,0,0,0,0,0,0,0,0,0,0,0,0,0,0,0,0,0,0,0,0,0,0,0,0,0,0,0,0,0,0,0,0,0,0,0,0,0,0,0,0,0,0,0,0,0,0,0,0,0,0,0,0,0,0,0,0,0,0,0,0,0,0,0,0,0,0,0,0,77592142,0,0.4,641,74785488,23665171,0.71,0.56,0.75,3.58,6
,,1,2023-04-25T12:20:33.674058896Z,2023-04-25T14:00:33.674058896Z,2023-04-25T13:57:51Z,sdgp,host,130071,477905,13140542,0,0,0,0,0,0,0,0,0,0,0,0,0,0,0,0,0,0,0,0,0,0,0,0,0,0,0,0,0,0,0,0,0,0,0,0,0,0,0,0,0,0,0,0,0,0,0,0,0,0,0,0,0,0,0,0,0,0,0,0,0,0,0,0,0,0,0,0,0,0,0,0,0,0,0,0,0,0,0,0,0,0,0,0,0,0,0,0,0,0,0,0,0,0,0,0.99,0,0,0,0,0,0,0,0,0,0,0,0,0,0,0,0,0,0,0,0,0,0,0,0,0,0,0,0,0,0,0,0,91547727,0,0.3,295,97338329,37337064,0.73,0.56,0.75,3.58,5
,,1,2023-04-25T12:20:33.674058896Z,2023-04-25T14:00:33.674058896Z,2023-04-25T13:57:57Z,sdgp,host,5299506,13231777,353765399,0,0,0,0,0,0,0,0,0,0,0,0,0,0,0,0,0,0,0,0,0,0,0,0,0.99,0,0,0,0,0,0,0,0,0,0,0,0,0,0,0,0,0,0,0,0,0,0,0,0,0,0,0,0,0,0,0,0,0,0,0,0,0,0,0,0,0,0,0,0,0,0,0,0,0,0,0,0,0,0,0,0,0,0,0,0,0,0,0,0,0,0,0,0,0,0,0,0,0,0,0,0,0,0,0,0,0,0,0,0,0,0,0,0,0,0,0,0,0,0,0,0,0,0,0,0,0,0,0,1492429103,9,0.4,19155,1489882197,814444115,0.67,0.56,0.74,3.59,78
,,1,2023-04-25T12:20:33.674058896Z,2023-04-25T14:00:33.674058896Z,2023-04-25T13:58:02Z,sdgp,host,8911236,18704670,508928333,0,0,0,0,0,0,0,0,0,0,0,0,0,0,0,0,0,0,0,0,0,0,0,0,0,0,0,0,0,0,0,0,0,0,0,0,0,0,0,0,0,0,0,0,0,0,0,0,0,0,0,0,0,0,0,0,0,0,0,0,0,0,0,0,0,0,0,0,0,0,0,0,0,0,0,0,0,0,0,0,0,0,0,0,0,0,0,0,0,0,0,0,0,0,0,0,0,0,0,0,0,0,0,0,0,0,0,0,0,0,0,0,0,0,0,0,0,0,0,0,0,0,0,0,0,0,0,0,2784328871,12,0.3,3072,2782863290,1373107176,0.7,0.56,0.74,3.59,19107
,,1,2023-04-25T12:20:33.674058896Z,2023-04-25T14:00:33.674058896Z,2023-04-25T13:58:08Z,sdgp,host,125527,417938,8953663,0,0,2,0,0,0,0,0,0,0,0,0,0,4,0,0,0,0,0,0,0,0,0,0,0,0,0,0,0,0,0,0,0,0,0,18,0,0,0,0,0,0,0,0,2.02,0,0,0,0,0,0,0,0,0,0,0,0,0,0,0,0,0,0,0,0,0,0,0,0,0,0,0,0,0,0,0,0,0,0,0,0,0,0,0,0,0,0,0,0,0,0,0,0,0,0,0,0,0,0,0,0,0,0,0,0,0,31.18,0,0,0,0,0,0,0,0,0,0,0.99,0,0,0,0,0,0,0,0,0,0,71288534,0,0.3,300,68130619,20450469,0.72,0.56,0.75,3.59,4
,,1,2023-04-25T12:20:33.674058896Z,2023-04-25T14:00:33.674058896Z,2023-04-25T13:58:13Z,sdgp,host,408713,1075448,20118955,0,0,0,0,0,0,0,0,0,0,0,0,0,0,0,0,0,0,0,0,0,0,0,0,0,0,0,0,0,0,0,0,0,0,0,0,0,0,0,0,0,0,0,0,0,0,0,0,0,0,0,0,0,0,0,0,0,0,0,0,0,0,0,0,0,0,0,0,2,0,0,0,0,0,0,0,0,0,0,0,0,0,0,0,0,0,0,0,0,0,0,0,0,0,0,0.99,0,0,0,0,0,0,0,0,0,0,0,0,0,0,0,0,0,0,0,0,0,0,0,0,0,0,0,0,0,0,0,0,208524569,2,0.4,948,165956256,60132851,0.75,0.57,0.75,3.59,411
,,1,2023-04-25T12:20:33.674058896Z,2023-04-25T14:00:33.674058896Z,2023-04-25T13:58:19Z,sdgp,host,122714,396036,8788813,0,0,0,0,0,0,0,0,0,0,0,0,0,0,0,0,0,0,0,0,0,0,0,0,0,0,0,0,0,0,0,0,0,0,0,0,0,0,0,0,0,0,0,0,0,0,0.99,0.99,0,0,0,0,0,0,0,0,0,0,0,0,0,0,0,0,0,0,0,0,0,0,0,0,0,0,0,0,0,0,0,0,0,0,0,0,0,0,0,0,0,0,0,0,0,0,0,0.99,0,0,0,0,0,0,0,0,0,0,0,0,0,0,0,0,0,0,0,0,0,0,0,0,0,0,0,0,0,0,0,0,65059763,0,0.6,306,62832294,19719047,0.71,0.56,0.74,3.58,4
,,1,2023-04-25T12:20:33.674058896Z,2023-04-25T14:00:33.674058896Z,2023-04-25T13:58:24Z,sdgp,host,122068,399612,8765653,0,0,0,0,0,0,0,0,0,0,0,0,0,0,0,0,0,0,0,0,0,0,0,0,0,0,0,0,0,0,0,0,0,0,0,0,0,0,0,0,0,0,0,0,0,0,0,0,0,0,0,0,0,0,0,0,0,0,0,0,0,0,0,0,0,0,0,0,0,0,0,0,0,0,0,0,0,0,0,0,0,0,0,0,0,0,0,0,0,0,0,0,0,0,0,0,0,0,0,0,0,0,0,0,0,0,0,0,0,0,0,0,0,0,0,0,0,0,0,0,0,0,0,0,0,0,0,0,63794578,0,0.3,302,61516278,20399040,0.65,0.56,0.73,3.58,4
,,1,2023-04-25T12:20:33.674058896Z,2023-04-25T14:00:33.674058896Z,2023-04-25T13:58:30Z,sdgp,host,131612,408456,9148862,0,0,0,0,0,0,0,0,0,0,0,0,0,0,0,0,0,0,0,0,0,0,0,0,0,0,0,0,0,0,0,0,0,0,0,0,0,0,0,0,0,0,0,0,0,0,0,0,0,0,0,0,0,0,0,0,0,0,0,0,0,0,0,0,0,0,0,0,0,0,0,0,0,0,0,0,0,0,0,0,0,0,0,0,0,0,0,0,0,0,0,0,0,0,0,0,0,0,0,0,0,0,0,0,0,0,0,0.99,0,0,0,0,0,0,0,0,0,0,0,0,0,0,0,0,0,0,0,0,68666032,0,0.3,540,65268140,20746623,0.68,0.56,0.73,3.58,4
,,1,2023-04-25T12:20:33.674058896Z,2023-04-25T14:00:33.674058896Z,2023-04-25T13:58:35Z,sdgp,host,3701687,8907085,275682226,0,0,0,0,0,0,0,0,0,0,0,0,0,0,0,0,0,0,0,0,0,0,0,0,0,0,0,0,0,0,0,0,0,0,0,0,0,0,0,0,0,0,0,0,0,0,0,0,0,0,0,0,0,0,0,0,0,0,0,0,0,0,0,0,0,0,0,0,0,0,0,0,0,0,0,0,0,0,0,0,0,0,0,0,0,0,0,0,0,0,0,0,0,0,0,0.99,0,0,0,0,0,0,0,0,0,0,0,0,0,0,0,0,0,0,0,0,0,0,0,0,0,0,0,0,0,0,0,0,1229431002,25,0.3,1003,1227899815,648501696,0.71,0.57,0.74,3.57,10691
,,1,2023-04-25T12:20:33.674058896Z,2023-04-25T14:00:33.674058896Z,2023-04-25T13:58:41Z,sdgp,host,123456,406793,8944631,0,0,0,0,0,0,0,0,0,0,0,0,0,0,0,0,0,0,0,0,0,0,0,0,0.99,0,0,0,0,0,0,0,0,0,0,0,0,0,0,0,0,0,0,0,0,0,0,0,0,0,0,0,0,0,0,0,0,0,0,0,0,0,0,0,0,0,0,0,0,0,0,0,0,0,0,0,0,0,0,0,0,0,0,0,0,0,0,0,0,0,0,0,0,0,0,0.99,0,0,0,0,0,0,0,0,0,0,0,0,0,0,0,0,0,0,0,0,0,0,0,0,0,0,0,0,0,0,0,0,68234121,0,0.3,327,64398943,20094962,0.81,0.57,0.76,3.59,5
,,1,2023-04-25T12:20:33.674058896Z,2023-04-25T14:00:33.674058896Z,2023-04-25T13:58:46Z,sdgp,host,1965391,4909378,145368405,0,0,0,0,0,0,0,0,0,0,0,0,0,0,0,0,0,0,0,0,0,0,0,0,0,0,0,0,0,0,0,0,0,0,0,0,0,0,0,0,0,0,0,0,0,0,0,0,0,0,0,0,0,0,0,0,0,0,0,0,0,0,0,0,0,0,0,0,0,0,0,0,0,0,0,0,0,0,0,0,0,0,0,0,0,0,0,0,0,0,0,0,0,0,0,0,0,0,0,0,0,0,0,0,0,0,0,0,0,0,0,0,0,0,0,0,0,0,0,0,0,0,0,0,0,0,0,0,670783387,0,0.4,6355,679044101,338694351,0.75,0.57,0.75,3.59,6
,,1,2023-04-25T12:20:33.674058896Z,2023-04-25T14:00:33.674058896Z,2023-04-25T13:58:52Z,sdgp,host,135864,530130,15032510,0,0,0,0,0,0,0,0,0,0,0,0,0,0,0,0,0,0,0,0,0,0,0,0,0,0,0,0,0,0,0,0,0,0,0,0,0,0,0,0,0,0,0,0,0,0,0,0,0,0,0,0,0,0,0,0,0,0,0,0,0,0,0,0,0,0,0,0,0,0,0,0,0,0,0,0,0,0,0,0,0,0,0,0,0,0,0,0,0,0,0,0,0,0,0,0,0,0,0,0,0,0,0,0,0,0,0,0,0,0,0,0,0,0,0,0,0,0,0,0,0,0,0,0,0,0,0,0,113552280,0,0.3,302,111309326,40574770,0.77,0.57,0.75,3.59,4
,,1,2023-04-25T12:20:33.674058896Z,2023-04-25T14:00:33.674058896Z,2023-04-25T13:58:57Z,sdgp,host,3946579,10146679,252176859,0,0,2,0,0,0,0,0,0,0,0,0,0,3,0,0,0,0,0,0,0,0,0,0,0,0,0,0,0,0,0,0,0,0,0,3,0,0,0,0,0,0,0,0,0,0,0,0,0,0,0,0,0,0,0,0,0,0,0,0,0,0,0,0,0,0,0,0,0,0,0,0,0,0,0,0,0,0,0,0,0,0,0,0,0,0,0,0,0,0,0,0,0,0,0,0.99,0,0,0,0,0,0,0,0,0,0,0,0.99,0,0,0,0,0,0,0,0,0,0,0,0,0,0,0,0,0,0,0,0,1044327852,0,0.3,16332,1028412809,570548973,0.7,0.57,0.74,3.59,43
,,1,2023-04-25T12:20:33.674058896Z,2023-04-25T14:00:33.674058896Z,2023-04-25T13:59:02Z,sdgp,host,117349,387704,8453500,0,0,0,0,0,0,0,0,0,0,0,0,0,0,0,0,0,0,0,0,0,0,0,0,0.99,0,0,0,0,0,0,0,0,0,0,0,0,0,0,0,0,0,0,0,0,0,0,0,0,0,0,0,0,0,0,0,0,0,0,0,0,0,0,0,0,0,0,0,2,0,0,0,0,0,0,0,0,0,0,0,0,0,0,0,0,0,0,0,0,0,0,0,0,0,0,0,0,0,0,0,0,0,0,0,0,0,0,0,0,0,0,0,0,0,0,0,0,0,0,0,0,0,0,0,0,0,0,0,66231688,0,0.3,298,63671633,19717176,0.73,0.57,0.74,3.59,21
,,1,2023-04-25T12:20:33.674058896Z,2023-04-25T14:00:33.674058896Z,2023-04-25T13:59:08Z,sdgp,host,144323,431415,10895221,0,0,2,0,0,0,0,0,0,0,0,0,0,6,0,0,0,0,0,0,0,0,0,0,0,0,0,0,0,0,0,0,0,0,0,36,0,0,0,0,0,0,0,0,0,0,0,0,0,0,0,0,0,0,0,0,0,0,0,0,0,0,0,0,0,0,0,0,0,0,0,0,0,0,0,0,0,0,0,0,0,0,0,0,0,0,0,0,0,0,0.99,0,0,0,0,0,0,0,0,0,0,0,0,0,0,0.99,14.43,0,0,0,0,0,0,0,0,0,0,0,0,0,0,0,0,0,0,0,0,0,76622973,0,0.3,320,74507317,25837544,0.67,0.57,0.73,3.59,5
,,1,2023-04-25T12:20:33.674058896Z,2023-04-25T14:00:33.674058896Z,2023-04-25T13:59:13Z,sdgp,host,145925,470654,9631412,0,0,0,0,0,0,0,0,0,0,0,0,0,0,0,0,0,0,0,0,0,0,0,0,0,0,0,0,0,0,0,0,0,0,0,0,0,0,0,0,0,0,0,0,0,0,0,0,0,0,0,0,0,0,0,0,0,0,0,0,0,0,0,0,0,0,0,0,0,0,0,0,0,0,0,0,0,0,0,0,0,0,0,0,0,0,0,0,0,0,0,0,0,0,0,0.99,0,0,0,0,0,0,0,0,0,0,0,0.99,0,0,0,0,0,0,0,0,0,0,0,0,0,0,0,0,0,0,0,0,79917310,0,0.4,561,77963647,22309838,0.62,0.56,0.72,3.59,4
,,1,2023-04-25T12:20:33.674058896Z,2023-04-25T14:00:33.674058896Z,2023-04-25T13:59:19Z,sdgp,host,116072,407986,8964871,0,0,0,0,0,0,0,0,0,0,0,0,0,0,0,0,0,0,0,0,0,0,0,0,0,0,0,0,0,0,0,0,0,0,0,0,0,0,0,0,0,0,0,0,0,0,0,0,0,0,0,0,0,0,0,0,0,0,0,0,0,0,0,0,0,0,0,0,0,0,0,0,0,0,0,0,0,0,0,0,0,0,0,0,0,0,0,0,0,0,0,0,0,0,0,0.99,0,0,0,0,0,0,0,0,0,0,0,0,0,0,0,0,0,0,0,0,0,0,0,0,0,0,0,0,0,0,0,0,64111926,0,0.3,302,61473264,20376531,0.52,0.56,0.69,3.59,4
,,1,2023-04-25T12:20:33.674058896Z,2023-04-25T14:00:33.674058896Z,2023-04-25T13:59:24Z,sdgp,host,113133,389504,8848989,0,0,0,0,0,0,0,0,0,0,0,0,0,0,0,0,0,0,0,0,0,0,0,0,0.99,0,0,0,0,0,0,0,0,0,0,0,0,0,0,0,0,0,0,0,0,0,0,0,0,0,0,0,0,0,0,0,0,0,0,0,0,0,0,0,0,0,0,0,0,0,0,0,0,0,0,0,0,0,0,0,0,0,0,0,0,0,0,0,0,0,0,0,0,0,0,0,0,0,0,0,0,0,0,0,0,0,0,0,0,0,0,0,0,0,0,0,0,0,0,0,0,0,0,0,0,0,0,0,64018943,0,0.3,324,61834391,19904925,0.48,0.55,0.68,3.6,4
,,1,2023-04-25T12:20:33.674058896Z,2023-04-25T14:00:33.674058896Z,2023-04-25T13:59:30Z,sdgp,host,132916,436068,9543499,0,0,0,0,0,0,0,0,0,0,0,0,0,0,0,0,0,0,0,0,0,0,0,0,0.99,0,0,0,0,0,0,0,0,0,0,0,0,0,0,0,0,0,0,0,0,0,0,0,0,0,0,0,0,0,0,0,0,0,0,0,0,0,0,0,0,0,0,0,0,0,0,0,0,0,0,0,0,0,0,0,0,0,0,0,0,0,0,0,0,0,0,0,0,0,0,0,0,0,0,0,0,0,0,0,0,0,0,0.99,0,0,0,0,0,0,0,0,0,0,0,0,0,0,0,0,0,0,0,0,70917430,0,0.3,562,68937492,21391055,0.44,0.55,0.67,3.59,4
,,1,2023-04-25T12:20:33.674058896Z,2023-04-25T14:00:33.674058896Z,2023-04-25T13:59:35Z,sdgp,host,113804,388367,8576761,0,0,0,0,0,0,0,0,0,0,0,0,0,0,0,0,0,0,0,0,0,0,0,0,0,0,0,0,0,0,0,0,0,0,0,0,0,0,0,0,0,0,0,0,0,0,0,0,0,0,0,0,0,0,0,0,0,0,0,0,0,0,0,0,0,0,0,0,0,0,0,0,0,0,0,0,0,0,0,0,0,0,0,0,0,0,0,0,0,0,0,0,0,0,0,0.99,0,0,0,0,0,0,0,0,0,0,0,0,0,0,0,0,0,0,0,0,0,0,0,0,0,0,0,0,0,0,0,0,63538664,0,0.3,290,61457080,20113561,0.4,0.55,0.66,3.59,4
,,1,2023-04-25T12:20:33.674058896Z,2023-04-25T14:00:33.674058896Z,2023-04-25T13:59:41Z,sdgp,host,119408,403984,8968193,0,0,0,0,0,0,0,0,0,0,0,0,0,0,0,0,0,0,0,0,0,0,0,0,0,0,0,0,0,0,0,0,0,0,0,0,0,0,0,0,0,0,0,0,0,0,0,0,0,0,0,0,0,0,0,0,0,0,0,0,0,0,0,0,0,0,0,0,0,0,0,0,0,0,0,0,0,0,0,0,0,0,0,0,0,0,0,0,0,0,0,0,0,0,0,0.99,0,0,0,0,0,0,0,0,0,0,0,0.99,0,0,0,0,0,0,0,0,0,0,0,0,0,0,0,0,0,0,0,0,66824263,0,0.3,297,63213089,20360217,0.37,0.54,0.65,3.6,4
,,1,2023-04-25T12:20:33.674058896Z,2023-04-25T14:00:33.674058896Z,2023-04-25T13:59:46Z,sdgp,host,3885832,10433043,270900247,0,0,0,0,0,0,0,0,0,0,0,0,0,0,0,0,0,0,0,0,0,0,0,0,0,0,0,0,0,0,0,0,0,0,0,0,0,0,0,0,0,0,0,0,0,0,0,0,0,0,0,0,0,0,0,0,0,0,0,0,0,0,0,0,0,0,0,0,0,0,0,0,0,0,0,0,0,0,0,0,0,0,0,0,0,0,0,0,0,0,0,0,0,0,0,0,0,0,0,0,0,0,0,0,0,0,0,0,0,0,0,0,0,0,0,0,0,0,0,0,0,0,0,0,0,0,0,0,1173079708,0,0.3,17144,1181375320,599480967,0.34,0.54,0.64,3.61,8
,,1,2023-04-25T12:20:33.674058896Z,2023-04-25T14:00:33.674058896Z,2023-04-25T13:59:52Z,sdgp,host,132279,517914,14968815,0,0,0,0,0,0,0,0,0,0,0,0,0,0,0,0,0,0,0,0,0,0,0,0,0,0,0,0,0,0,0,0,0,0,0,0,0,0,0,0,0,0,0,0,0,0,0,0,0,0,0,0,0,0,0,0,0,0,0,0,0,0,0,0,0,0,0,0,0,0,0,0,0,0,0,0,0,0,0,0,0,0,0,0,0,0,0,0,0,0,0,0,0,0,0,0,0,0,0,0,0,0,0,0,0,0,0,0,0,0,0,0,0,0,0,0,0,0,0,0,0,0,0,0,0,0,0,0,107244381,0,0.3,294,104666434,40059795,0.31,0.54,0.63,3.6,6
,,1,2023-04-25T12:20:33.674058896Z,2023-04-25T14:00:33.674058896Z,2023-04-25T13:59:57Z,sdgp,host,1873165,4101851,116579902,0,0,2,0,0,0,0,0,0,0,0,0,0,6,0,0,0,0,0,0,0,0,0,0,0,0,0,0,0,0,0,0,0,0,0,13.4,0,0,0,0,0,0,0,0,0,0,0,0,0,0,0,0,0,0,0,0,0,0,0,0,0,0,0,0,0,0,0,0,0,0,0,0,0,0,0,0,0,0,0,0,0,0,0,0,0,0,0,0,0,0,0,0,0,0,0,0.99,0,0,0,0,0,0,0,0,0,0,9,0,0,0,0,0,0,0,0,0,0,0,0,0,0,0,0,0,0,0,0,0,498115458,0,0.3,4864,482609468,288981612,0.29,0.54,0.62,3.6,39
,,1,2023-04-25T12:20:33.674058896Z,2023-04-25T14:00:33.674058896Z,2023-04-25T14:00:03Z,sdgp,host,120605,381587,8614085,0,0,0,0,0,0,0,0,0,0,0,0,0,0,0,0,0,0,0,0,0,0,0,0,0,0,0,0,0,0,0,0,0,0,0,0,0,0,0,0,0,0,0,0,0,1,2.97,1,3.03,0,0,0.99,0,0,0,0,0,0,0,0,0,0,0,0,0,0,0,0,2,0,0,0,0,0,0,0,0,0,0,0,0,0,0,0,0,0,0,0,0,0,0,0,0.99,0,0,0,0,0,0,0,0,0,0,0,0,1,0,0,0,0,0,0,0,0,0,0,0,0,0,0,0,0,0,0,0,0,0,0,64836164,0,0.3,301,62738971,20063422,0.27,0.53,0.61,3.6,4
,,1,2023-04-25T12:20:33.674058896Z,2023-04-25T14:00:33.674058896Z,2023-04-25T14:00:08Z,sdgp,host,247029,555249,13539590,0,0,0,0,0,0,0,0,0,0,0,0,0,0,0,0,0,0,0,0,0,0,0,0,1,0,0,0,0,0,0,0,0,0,0,23,0,0,0,0,0,0,0,0,0,0,0,0,0,0,0,0,0,0,0,0,0,0,0,0,0,0,0,0,0,0,0,0,0,0,0,0,0,0,0,0,0,0,0,0,0,0,0,0,0,0,0,0,0,0,0.99,0,0,0,0,0,0,0,0,0,0,0,0,0,0,0,9.28,0,0,0,0,0,0,0,0,0,0,0,0,0,0,0,0,0,0,0,0,0,90356562,0,1.1,520,88070313,31941812,0.24,0.53,0.6,3.58,13

